model,protocol,degree,task,metric,iid_mean,ood_mean,ood_iid_ratio,ratio_ci95_low,ratio_ci95_high,significant_degradation,significant_improvement
GAOT,A,1,A-k1,harmonic_relative,0.4411782757937908,0.43998560686906174,0.9972966281633419,0.9929132585238104,1.0021205252505343,False,False
GAOT,A,2,A-k2,harmonic_relative,0.7066467457016309,0.7149688061078391,1.0117768325628296,1.0086168755239922,1.0148139538083902,True,False
GAOT,B,1,B-k1,harmonic_relative,0.47259830599440666,0.4658521461983522,0.9857253830335989,0.9819124503766458,0.9894664328182076,False,True
GAOT,C,2,C-k2,harmonic_relative,0.7783229204256144,0.7753377042214075,0.9961645531348728,0.9944640501782055,0.9979922025498217,False,True
GAOT,D,1,D-k1,harmonic_relative,0.48891156194801616,0.4793821055193742,0.9805088339665086,0.977717292600072,0.9833064818510439,False,True
GAOT,D,2,D-k2,harmonic_relative,0.8420549874616446,0.8385506467024484,0.9958383468866376,0.9952691778137619,0.9964234355942014,False,True
GNOT,A,1,A-k1,harmonic_relative,0.12082192282386435,0.1322914263586669,1.0949289935604483,1.017641030176822,1.1796717427968784,True,False
GNOT,A,2,A-k2,harmonic_relative,0.17119576694443822,0.21831718839704992,1.2752487534731496,1.1824984650019064,1.3772256325186345,True,False
GNOT,B,1,B-k1,harmonic_relative,0.0889280359097348,0.23837423338244357,2.680529609601651,2.4157417235936665,2.9950105681318457,True,False
GNOT,C,2,C-k2,harmonic_relative,0.24685266762693867,0.4045431616653999,1.6388040913340889,1.5391993215925306,1.7555559343034723,True,False
GNOT,D,1,D-k1,harmonic_relative,0.12847750763383167,0.21543549651280045,1.676834338389621,1.5402918182402858,1.8331738396566237,True,False
GNOT,D,2,D-k2,harmonic_relative,0.32163023789014134,0.3936077790458997,1.2237897208505621,1.1365785906748265,1.3209226806854482,True,False
MGN-lite,A,1,A-k1,harmonic_relative,0.09645436890074052,0.10623175707490494,1.10136801769057,1.0255025685494172,1.1853529281181574,True,False
MGN-lite,A,2,A-k2,harmonic_relative,0.13829561648201585,0.2945058598462492,2.1295386458067354,1.9909219489560037,2.2797585217795637,True,False
MGN-lite,B,1,B-k1,harmonic_relative,0.11668922309822083,0.128668010023733,1.1026554690001371,1.0410550127839695,1.1749503025229309,True,False
MGN-lite,C,2,C-k2,harmonic_relative,0.23039656666232577,0.25332135117302335,1.0995014155015475,1.0423881226357357,1.1638235401630372,True,False
MGN-lite,D,1,D-k1,harmonic_relative,0.143551054551852,0.14293402020664264,0.9957016383604331,0.9409736409750814,1.0537960199295662,False,False
MGN-lite,D,2,D-k2,harmonic_relative,0.19519605135713192,0.14704026024478176,0.7532952599281975,0.7012139718665458,0.8096342037396992,False,True
RIGNO,A,1,A-k1,harmonic_relative,0.09476963012095622,0.0983452717209321,1.0377298254132097,0.9649696227740681,1.1146687999156015,False,False
RIGNO,A,2,A-k2,harmonic_relative,0.14890883069146404,0.17752084881712618,1.1921445356303515,1.1166849285846139,1.2731928557135068,True,False
RIGNO,B,1,B-k1,harmonic_relative,0.09639724484335134,0.12877171279698574,1.3358443283820831,1.2489387098873628,1.432668276615874,True,False
RIGNO,C,2,C-k2,harmonic_relative,0.2351476663143287,0.27677672580809204,1.1770336918289444,1.1279463426795213,1.2286459572570034,True,False
RIGNO,D,1,D-k1,harmonic_relative,0.10846371388804996,0.15187274952427143,1.4002171240386032,1.3236683870555233,1.4824212391670635,True,False
RIGNO,D,2,D-k2,harmonic_relative,0.2519080056361421,0.3277912967292665,1.3012341386300745,1.2481610400566396,1.3610975615294172,True,False
TNO,A,1,A-k1,harmonic_relative,0.005142853205810146,0.0048639987140632005,0.9457782515787758,0.8661512845171458,1.035077739327548,False,False
TNO,A,2,A-k2,harmonic_relative,0.004707226136063886,0.005606763608084293,1.1910971440138818,1.0823986506886236,1.313872157946635,True,False
TNO,B,1,B-k1,harmonic_relative,0.006509630383286429,0.011914528180301809,1.8302925783716137,1.685105581704529,1.993995413226235,True,False
TNO,C,2,C-k2,harmonic_relative,0.004688348100790424,0.007645305241652144,1.630703411022849,1.5127630653472943,1.7648348648380303,True,False
TNO,D,1,D-k1,harmonic_relative,0.007601323039626894,0.01438952757550093,1.8930293448381326,1.7443654494328134,2.073998217840399,True,False
TNO,D,2,D-k2,harmonic_relative,0.005711473924948723,0.008127942075564836,1.4230901131558116,1.3194469567275642,1.5410120112835692,True,False
Transolver,A,1,A-k1,harmonic_relative,0.22589425585232675,0.2310905839696837,1.0230033654318813,0.9682579864484903,1.0794539899082038,False,False
Transolver,A,2,A-k2,harmonic_relative,0.2888028665569921,0.3720409891506036,1.2882177853172283,1.2108000512749568,1.3690361522651737,True,False
Transolver,B,1,B-k1,harmonic_relative,0.26088990603473255,0.3272714597856005,1.2544427830058558,1.1987779978804964,1.3151154463267736,True,False
Transolver,C,2,C-k2,harmonic_relative,0.3589973381873387,0.4638294514144461,1.2920136225943546,1.2187180324294002,1.373870355134071,True,False
Transolver,D,1,D-k1,harmonic_relative,0.25659875771530294,0.2977753489091992,1.1604707347742556,1.1057715144505036,1.2209258898880224,True,False
Transolver,D,2,D-k2,harmonic_relative,0.43122765144571323,0.4633538947751125,1.0744994974710456,1.0092297487932236,1.1441501332792392,True,False
GAOT,A,1,A-k1,nonharmonic_relative,0.6349395344158013,0.6022358936568101,0.9484932989878637,0.9336948308228792,0.9645366356819022,False,True
GAOT,A,2,A-k2,nonharmonic_relative,1.1985708338022232,1.186519083082676,0.9899448990575671,0.961352748030842,1.018581459166315,False,False
GAOT,B,1,B-k1,nonharmonic_relative,0.5876493401328723,0.5996468872825305,1.0204161671413177,1.000788582002265,1.040042249684165,True,False
GAOT,C,2,C-k2,nonharmonic_relative,0.6454063839217028,0.8747808078428109,1.355395344133409,1.2992977930005252,1.4137330532005026,True,False
GAOT,D,1,D-k1,nonharmonic_relative,0.5803800928592682,0.5980634150405725,1.0304685195061674,1.0152577498626725,1.0459731413878286,True,False
GAOT,D,2,D-k2,nonharmonic_relative,0.6278303623199463,0.8159172762433687,1.2995823795891424,1.260873850537646,1.339010370365132,True,False
GNOT,A,1,A-k1,nonharmonic_relative,0.4968409317731857,0.49043228636185326,0.9871012128782394,0.962425410011184,1.012169072858752,False,False
GNOT,A,2,A-k2,nonharmonic_relative,1.4925210569798946,1.589689819663763,1.0651037800963583,1.0317772420142326,1.0988601572464918,True,False
GNOT,B,1,B-k1,nonharmonic_relative,0.28883194568256537,0.4223049270361662,1.4621129461172186,1.3978482395214578,1.5347509925953033,True,False
GNOT,C,2,C-k2,nonharmonic_relative,1.1708994580060244,1.7788228863477706,1.5191935346656376,1.4094960304990873,1.654387479513713,True,False
GNOT,D,1,D-k1,nonharmonic_relative,0.3336452311525743,0.43811234563589097,1.3131083699926505,1.2511700170649502,1.3829645832269386,True,False
GNOT,D,2,D-k2,nonharmonic_relative,1.2499996580928565,1.9379727214574811,1.5503786012331595,1.44077391775848,1.6779536507378632,True,False
MGN-lite,A,1,A-k1,nonharmonic_relative,0.3279597020397583,0.33235809616744516,1.0134113859090537,0.9847451956594779,1.0418857430549437,False,False
MGN-lite,A,2,A-k2,nonharmonic_relative,1.0567765840888022,1.2647775164743265,1.1968258338763955,1.1608802959896627,1.2316528213132063,True,False
MGN-lite,B,1,B-k1,nonharmonic_relative,0.3002456434443593,0.3947835601617893,1.314868571052671,1.2593622197229217,1.3752483721432016,True,False
MGN-lite,C,2,C-k2,nonharmonic_relative,0.7694520118584236,1.2785704880952835,1.661663714421315,1.545807521841888,1.7940270173154234,True,False
MGN-lite,D,1,D-k1,nonharmonic_relative,0.33103816854457063,0.4317461710919936,1.3042187038095565,1.251651117600747,1.3639393199777554,True,False
MGN-lite,D,2,D-k2,nonharmonic_relative,0.8655593405415616,1.3369063489635784,1.5445577054550192,1.4429297290210925,1.6696656135417287,True,False
RIGNO,A,1,A-k1,nonharmonic_relative,0.4197143989903565,0.406022877808451,0.9673789576535651,0.9432208169231223,0.9921179987366432,False,True
RIGNO,A,2,A-k2,nonharmonic_relative,1.3275878635970395,1.3815626496595679,1.0406562816228564,1.010400654412084,1.071510441527784,True,False
RIGNO,B,1,B-k1,nonharmonic_relative,0.3198801403847167,0.3698630793767111,1.156255211501171,1.1154677757522853,1.201510112621362,True,False
RIGNO,C,2,C-k2,nonharmonic_relative,1.017553933829244,1.47005333675725,1.4446932864027382,1.345040384899041,1.5637269285115567,True,False
RIGNO,D,1,D-k1,nonharmonic_relative,0.3455694157927002,0.4044199156492976,1.1703000820267333,1.1262383927318789,1.2117857792083195,True,False
RIGNO,D,2,D-k2,nonharmonic_relative,1.0852831828663256,1.5091045483435164,1.3905168458949595,1.2958142562415151,1.4976104702397874,True,False
TNO,A,1,A-k1,nonharmonic_relative,0.1511033306767543,0.1521726991608739,1.0070770675823164,0.9736934724166662,1.0408798731139184,False,False
TNO,A,2,A-k2,nonharmonic_relative,0.4085655838251114,0.40603734195232394,0.9938119068911505,0.9674599118988849,1.0214754302331257,False,False
TNO,B,1,B-k1,nonharmonic_relative,0.15617279859880606,0.15503176175057887,0.9926937542295626,0.9578319740953865,1.0289941702213363,False,False
TNO,C,2,C-k2,nonharmonic_relative,0.3154035626848539,0.3405185524374247,1.079628110531477,1.0450474190753407,1.1157871193710138,True,False
TNO,D,1,D-k1,nonharmonic_relative,0.17197279429684084,0.17093093973894913,0.9939417478029268,0.9582363405159753,1.031769153990635,False,False
TNO,D,2,D-k2,nonharmonic_relative,0.40770417888959254,0.5312058318654695,1.30291976234077,1.2598285318441986,1.3463046345773217,True,False
Transolver,A,1,A-k1,nonharmonic_relative,0.6034469309945901,0.5781353223323822,0.9580549550207376,0.9349472890525709,0.9800463070970917,False,True
Transolver,A,2,A-k2,nonharmonic_relative,1.6855947087705134,1.6883990160624187,1.0016636901363727,0.9671676914863615,1.0366831513522015,False,False
Transolver,B,1,B-k1,nonharmonic_relative,0.5175239965071281,0.586066823899746,1.1324437665771916,1.0927007236541408,1.1721702067660913,True,False
Transolver,C,2,C-k2,nonharmonic_relative,1.2791251562039059,1.888587362666925,1.476468001200336,1.368013866994662,1.5994361774178827,True,False
Transolver,D,1,D-k1,nonharmonic_relative,0.4759080835183462,0.5384481866657734,1.131412147244784,1.0929905847500532,1.1760982507101456,True,False
Transolver,D,2,D-k2,nonharmonic_relative,1.301878660172224,1.9731484919786453,1.515616280027283,1.4073812924968951,1.6322159316060447,True,False
GAOT,A,1,A-k1,absolute_harmonic_error,0.23779612498978772,0.2373102045804262,0.997956567162815,0.9938015849268994,1.0022614126981866,False,False
GAOT,A,2,A-k2,absolute_harmonic_error,0.38018177871902786,0.38529956504702567,1.0134614192827127,1.0105703942296125,1.016376812836219,True,False
GAOT,B,1,B-k1,absolute_harmonic_error,0.16932952798071682,0.25119040160739425,1.4834412202136196,1.3490434939313816,1.6465691170450316,True,False
GAOT,C,2,C-k2,absolute_harmonic_error,0.2808243574743103,0.4176740238098367,1.4873140904330497,1.3555925697151205,1.6584930968483598,True,False
GAOT,D,1,D-k1,absolute_harmonic_error,0.17530947626511584,0.2585402014214869,1.4747645531096603,1.3414202682122858,1.6243801158307503,True,False
GAOT,D,2,D-k2,absolute_harmonic_error,0.3018633773191725,0.45197463192249104,1.4972821013762876,1.3637726702534796,1.6600011727795863,True,False
GNOT,A,1,A-k1,absolute_harmonic_error,0.057896268376304454,0.0642169742375457,1.109172940457057,1.0332425493212989,1.1973355991413723,True,False
GNOT,A,2,A-k2,absolute_harmonic_error,0.07999930018947149,0.10755794926856956,1.3444861269096513,1.2531202535293469,1.445134042174269,True,False
GNOT,B,1,B-k1,absolute_harmonic_error,0.02758207504775057,0.11776580128325605,4.269649802457146,3.732796274822558,4.936049576857016,True,False
GNOT,C,2,C-k2,absolute_harmonic_error,0.08032202323373838,0.20174814017062587,2.511741264049385,2.236539233554718,2.855427555937748,True,False
GNOT,D,1,D-k1,absolute_harmonic_error,0.03983496246829295,0.10597141584108691,2.6602614706308736,2.3473127770380633,3.0396584289180684,True,False
GNOT,D,2,D-k2,absolute_harmonic_error,0.10380839081992338,0.19617177755636883,1.8897487573502478,1.67598116537309,2.161946917304932,True,False
MGN-lite,A,1,A-k1,absolute_harmonic_error,0.04899053167784587,0.05485235046963984,1.1196520754096064,1.0526916322307356,1.1922993009507092,True,False
MGN-lite,A,2,A-k2,absolute_harmonic_error,0.06685842963866889,0.1502734371755893,2.247636356185489,2.111971584252016,2.395867562969642,True,False
MGN-lite,B,1,B-k1,absolute_harmonic_error,0.03964517676190553,0.06530555414018786,1.6472509261528068,1.477631836130688,1.8546591466717286,True,False
MGN-lite,C,2,C-k2,absolute_harmonic_error,0.079707294469358,0.12995918051131713,1.6304552974087847,1.4756652631292484,1.8348071841961373,True,False
MGN-lite,D,1,D-k1,absolute_harmonic_error,0.04873521272290113,0.0724543846794971,1.4866947455420343,1.341284236245193,1.6809105970760023,True,False
MGN-lite,D,2,D-k2,absolute_harmonic_error,0.06578446558478586,0.07284527239152853,1.1073324339244661,0.9912390305295736,1.2623062365721556,False,False
RIGNO,A,1,A-k1,absolute_harmonic_error,0.0458928725879135,0.04840675224375445,1.0547771257937826,0.9857267955995326,1.1253064523583394,False,False
RIGNO,A,2,A-k2,absolute_harmonic_error,0.07401507665830043,0.09059592550620436,1.224019883451954,1.146313194100182,1.3011762623446317,True,False
RIGNO,B,1,B-k1,absolute_harmonic_error,0.03193142994117399,0.0635990465116562,1.9917381284468145,1.7884063561274315,2.2521412958477045,True,False
RIGNO,C,2,C-k2,absolute_harmonic_error,0.08462937648380642,0.14505684359545848,1.714024723099557,1.5518070082383866,1.9168402919332785,True,False
RIGNO,D,1,D-k1,absolute_harmonic_error,0.03510053103158667,0.07629846223239603,2.1737124763600297,1.9508738466310311,2.4722554659773994,True,False
RIGNO,D,2,D-k2,absolute_harmonic_error,0.09177905288881241,0.17994402824680647,1.9606219783379402,1.7715148382608916,2.1919312579012535,True,False
TNO,A,1,A-k1,absolute_harmonic_error,0.0024937290273131414,0.0023314377374723944,0.9349202383265646,0.8616823889301559,1.01032268195038,False,False
TNO,A,2,A-k2,absolute_harmonic_error,0.00228599445191018,0.0026098932545331383,1.1416883585218764,1.04804335570438,1.251841404654684,True,False
TNO,B,1,B-k1,absolute_harmonic_error,0.002102204644052887,0.005699417410978853,2.7111620290590066,2.399489067139911,3.089464087267805,True,False
TNO,C,2,C-k2,absolute_harmonic_error,0.001529405765525805,0.0036987734670052798,2.418438290191233,2.1691203902700362,2.766169027613712,True,False
TNO,D,1,D-k1,absolute_harmonic_error,0.002441808310118417,0.0069250508379345875,2.836033773168181,2.5205723205488333,3.25186383880318,True,False
TNO,D,2,D-k2,absolute_harmonic_error,0.001878536243980462,0.004022052886394053,2.14105684526512,1.888818837496231,2.4293601266944926,True,False
Transolver,A,1,A-k1,absolute_harmonic_error,0.10895472397639726,0.11297433496414064,1.0368924892836886,0.9837738080796156,1.0951935110979338,False,False
Transolver,A,2,A-k2,absolute_harmonic_error,0.13451822641150404,0.1790610380874326,1.3311284490053914,1.2545484653507397,1.4135851537836341,True,False
Transolver,B,1,B-k1,absolute_harmonic_error,0.08486966512600085,0.1638362147083167,1.930444929447389,1.739354431552001,2.1502742180782617,True,False
Transolver,C,2,C-k2,absolute_harmonic_error,0.11544067764368413,0.2322290523497118,2.011674368929916,1.8010401236955456,2.2724002354781767,True,False
Transolver,D,1,D-k1,absolute_harmonic_error,0.08246478563469464,0.148591712873447,1.8018807873930796,1.6171211735340747,2.017373327357208,True,False
Transolver,D,2,D-k2,absolute_harmonic_error,0.14060158310934928,0.22450886460686412,1.5967733765178256,1.4286189853565598,1.8073533785471056,True,False
GAOT,A,1,A-k1,absolute_nonharmonic_error,0.2453708542532617,0.24120868100817128,0.9830372141844629,0.9714458309757621,0.9949385104197239,False,True
GAOT,A,2,A-k2,absolute_nonharmonic_error,0.14093230232168127,0.14755011331256573,1.0469573751426566,1.0311537180969685,1.0630269357250726,True,False
GAOT,B,1,B-k1,absolute_nonharmonic_error,0.24198620269337462,0.23916168753090786,0.9883277842620056,0.974451446530606,1.002538327080351,False,False
GAOT,C,2,C-k2,absolute_nonharmonic_error,0.08247532064208589,0.10583908601482983,1.28328189802197,1.2534608363156396,1.3155431994274036,True,False
GAOT,D,1,D-k1,absolute_nonharmonic_error,0.24017704177626753,0.2351956414368265,0.9792594650030679,0.9621572903527758,0.9969280373537369,False,True
GAOT,D,2,D-k2,absolute_nonharmonic_error,0.08152262078019291,0.0958270926744627,1.1754662909042515,1.1477058559489766,1.2057231531492638,True,False
GNOT,A,1,A-k1,absolute_nonharmonic_error,0.18848493202045474,0.19319619066691654,1.0249954126037275,1.0055531134360023,1.0448543568298785,True,False
GNOT,A,2,A-k2,absolute_nonharmonic_error,0.17214868853896725,0.1935942521706933,1.1245758176411962,1.0991852263958264,1.15324912714725,True,False
GNOT,B,1,B-k1,absolute_nonharmonic_error,0.11441179590509823,0.16354129431302944,1.4294093805437116,1.3825819946798352,1.4787664562193261,True,False
GNOT,C,2,C-k2,absolute_nonharmonic_error,0.1428137142685431,0.20979694549351527,1.4690252022823918,1.3755718027533694,1.5753982857120044,True,False
GNOT,D,1,D-k1,absolute_nonharmonic_error,0.1307333766906337,0.1672045082090132,1.27897337650358,1.2391125214618226,1.3216291071706852,True,False
GNOT,D,2,D-k2,absolute_nonharmonic_error,0.1498316596365139,0.2180232952300938,1.4551216729331784,1.3760178661212006,1.550510960903851,True,False
MGN-lite,A,1,A-k1,absolute_nonharmonic_error,0.12270815939853141,0.129119125485607,1.052245638085091,1.0364281159851152,1.0679607746635411,True,False
MGN-lite,A,2,A-k2,absolute_nonharmonic_error,0.12413301144754228,0.15576369660534253,1.2548128397731841,1.2269581065076294,1.2822896925736542,True,False
MGN-lite,B,1,B-k1,absolute_nonharmonic_error,0.11701292033653735,0.15203178000077203,1.2992734440112998,1.2619984700756108,1.339139585312477,True,False
MGN-lite,C,2,C-k2,absolute_nonharmonic_error,0.09432951440984162,0.15164630887334013,1.607623126446529,1.5133634322666076,1.7193056348220404,True,False
MGN-lite,D,1,D-k1,absolute_nonharmonic_error,0.12857529671690163,0.1638714469936073,1.2745173542406563,1.242539286928183,1.3073900700418084,True,False
MGN-lite,D,2,D-k2,absolute_nonharmonic_error,0.10463521060012063,0.15059977155000998,1.4392838766685396,1.357820761108771,1.5323487399312896,True,False
RIGNO,A,1,A-k1,absolute_nonharmonic_error,0.15791190259240206,0.15897078585542504,1.00670553165805,0.9926157710017844,1.0206404032580598,False,False
RIGNO,A,2,A-k2,absolute_nonharmonic_error,0.15351376383178983,0.16903184507708902,1.1010859277817056,1.0774150259985662,1.1253709485887555,True,False
RIGNO,B,1,B-k1,absolute_nonharmonic_error,0.1272480696099462,0.14291260516995513,1.1231023433746568,1.102785553816112,1.1455610578375475,True,False
RIGNO,C,2,C-k2,absolute_nonharmonic_error,0.12430831774199244,0.1741247268792578,1.400748799764637,1.318246285349069,1.4973339239389882,True,False
RIGNO,D,1,D-k1,absolute_nonharmonic_error,0.13647103836397334,0.1541317129699104,1.1294096887993625,1.1090953948658415,1.148788267285771,True,False
RIGNO,D,2,D-k2,absolute_nonharmonic_error,0.1300428167593643,0.16876563582005918,1.2977697655615315,1.2248772325569668,1.3747197663844668,True,False
TNO,A,1,A-k1,absolute_nonharmonic_error,0.0566681432591796,0.05953474319940987,1.0505857396115643,1.0293646087626143,1.071922690599273,True,False
TNO,A,2,A-k2,absolute_nonharmonic_error,0.04872577570135214,0.051037032284677826,1.047433961779168,1.0231922021575603,1.0713771714298908,True,False
TNO,B,1,B-k1,absolute_nonharmonic_error,0.06189830385706694,0.05984803341767313,0.9668767912430187,0.949738382373131,0.9854531632607059,False,True
TNO,C,2,C-k2,absolute_nonharmonic_error,0.04069788697789692,0.041292975549718565,1.014622099941705,0.998190592155872,1.0320790913295725,False,False
TNO,D,1,D-k1,absolute_nonharmonic_error,0.06830194734880331,0.06494563667160648,0.9508606883342909,0.9253453099782222,0.9740324693616899,False,True
TNO,D,2,D-k2,absolute_nonharmonic_error,0.05292391051230065,0.06221744524405185,1.1756018147679315,1.1408258375574767,1.2118198490293808,True,False
Transolver,A,1,A-k1,absolute_nonharmonic_error,0.2296620745721178,0.22891326954738944,0.9967395355671145,0.9789062560610688,1.0142245107386374,False,False
Transolver,A,2,A-k2,absolute_nonharmonic_error,0.1935062667497186,0.2044831143089911,1.0567260572104016,1.0249623949137854,1.087989977618725,True,False
Transolver,B,1,B-k1,absolute_nonharmonic_error,0.20737211716446743,0.22927836185792022,1.1056373681856815,1.0804891110072772,1.1323865230049608,True,False
Transolver,C,2,C-k2,absolute_nonharmonic_error,0.15547812575782685,0.2214767111171345,1.424487914529422,1.3375681959195371,1.5263142718579845,True,False
Transolver,D,1,D-k1,absolute_nonharmonic_error,0.1908120282954873,0.20758258035208502,1.0878904343993414,1.0629094659829912,1.1153550134286694,True,False
Transolver,D,2,D-k2,absolute_nonharmonic_error,0.15648332498142425,0.2182152278993707,1.3944950870891835,1.3129642149507943,1.4905460187811814,True,False
GAOT,A,1,A-k1,relative_l2,0.5153373591105144,0.5055209615329902,0.9809515118495417,0.974191652308281,0.9877658730657902,False,True
GAOT,A,2,A-k2,relative_l2,0.7462973502278328,0.7561803235610327,1.0132426750934724,1.0091536844164475,1.0175458674493592,True,False
GAOT,B,1,B-k1,relative_l2,0.5285003025829792,0.5177009056508541,0.9795659588455788,0.9716294126508015,0.9874529699662882,False,True
GAOT,C,2,C-k2,relative_l2,0.676632650544246,0.7798817946513494,1.1525926128792379,1.1212977183134818,1.190107162153938,True,False
GAOT,D,1,D-k1,relative_l2,0.5367100129028161,0.5237822223206361,0.9759128947245918,0.9668801865465824,0.9848715714064072,False,True
GAOT,D,2,D-k2,relative_l2,0.7382847276329995,0.8342714784542719,1.1300131876327493,1.1012030948946558,1.1638756027090822,True,False
GNOT,A,1,A-k1,relative_l2,0.30168731605013216,0.308647605329752,1.023071202892203,1.0024118658268388,1.0448060797443124,True,False
GNOT,A,2,A-k2,relative_l2,0.3762216318150361,0.4319181397805611,1.1480417478805667,1.1185682669448878,1.1777009537176577,True,False
GNOT,B,1,B-k1,relative_l2,0.20142040638873973,0.30338152041037875,1.5062104473334677,1.4633280172151055,1.5508509416724945,True,False
GNOT,C,2,C-k2,relative_l2,0.40585761405527593,0.5670101481676102,1.397066676908491,1.354285112152002,1.4401253603347541,True,False
GNOT,D,1,D-k1,relative_l2,0.2340360887100299,0.3008564561357101,1.2855130924153537,1.250780433858231,1.3209941702988799,True,False
GNOT,D,2,D-k2,relative_l2,0.4760337606320778,0.578148210098346,1.2145109400002767,1.1805237555127246,1.252260067830693,True,False
MGN-lite,A,1,A-k1,relative_l2,0.2029495549077789,0.21258233919739722,1.047463934044832,1.026024111838609,1.068527247137635,True,False
MGN-lite,A,2,A-k2,relative_l2,0.28794526523600017,0.41992592136065165,1.4583532777141577,1.4222047620935314,1.4966242040409514,True,False
MGN-lite,B,1,B-k1,relative_l2,0.2138934083407124,0.2502271831780672,1.1698686047318885,1.1395514477112747,1.2008009643379987,True,False
MGN-lite,C,2,C-k2,relative_l2,0.30511204682290555,0.3835361985117197,1.2570339404955597,1.2205918977000012,1.2960982913611585,True,False
MGN-lite,D,1,D-k1,relative_l2,0.2376886608451605,0.2704751054942608,1.1379386148728428,1.1128761736905963,1.1638567181356365,True,False
MGN-lite,D,2,D-k2,relative_l2,0.32183249682188037,0.32802855153878524,1.019252420986296,0.9904128725257006,1.050534970627541,False,False
RIGNO,A,1,A-k1,relative_l2,0.24830967214269933,0.24912329874776926,1.0032766609413388,0.9863983753159812,1.020527472048014,False,False
RIGNO,A,2,A-k2,relative_l2,0.32592181444387053,0.36680663584035905,1.1254436480881957,1.0981267211120462,1.1524769214370763,True,False
RIGNO,B,1,B-k1,relative_l2,0.22520891467763463,0.23244734461979205,1.0321409565491064,1.0122164517309824,1.0538562132270752,True,False
RIGNO,C,2,C-k2,relative_l2,0.3628012643192477,0.4268526094967791,1.1765466426820188,1.1503504865945122,1.204091563053737,True,False
RIGNO,D,1,D-k1,relative_l2,0.2427316079249639,0.2582057367436507,1.0637499539096145,1.043452542286651,1.0855121825575327,True,False
RIGNO,D,2,D-k2,relative_l2,0.39094656918238146,0.45382396304771155,1.1608337272166627,1.13754091362561,1.1856380578969081,True,False
TNO,A,1,A-k1,relative_l2,0.08676771726459265,0.09003741268068552,1.037683317230583,1.0114613391559475,1.0632277615713832,True,False
TNO,A,2,A-k2,relative_l2,0.09848445162177086,0.10206221892808873,1.0363282451835334,1.0124528940282354,1.059913120636869,True,False
TNO,B,1,B-k1,relative_l2,0.11105594289178651,0.09077097384259104,0.8173445875852083,0.7801181460985013,0.8559460845798867,False,True
TNO,C,2,C-k2,relative_l2,0.1438274365539352,0.08322823671003182,0.5786673162198966,0.5301624212522749,0.6345572775734821,False,True
TNO,D,1,D-k1,relative_l2,0.12389629267777005,0.09925678824385006,0.8011279925961656,0.7596100159346798,0.8467941509020805,False,True
TNO,D,2,D-k2,relative_l2,0.19827823679273326,0.1256878297527631,0.6338962449192788,0.5711234813175784,0.7064153292351467,False,True
Transolver,A,1,A-k1,relative_l2,0.39287102180222677,0.3900821058948834,0.9929011921125092,0.9764455117967049,1.0099662720133888,False,False
Transolver,A,2,A-k2,relative_l2,0.47519580751657486,0.5500567628194888,1.157537070230034,1.1276671984824378,1.1879307074886623,True,False
Transolver,B,1,B-k1,relative_l2,0.3868955417970817,0.4220036237935224,1.0907430512956477,1.0721030111166336,1.1090351031386498,True,False
Transolver,C,2,C-k2,relative_l2,0.49020314206679655,0.6290161762138208,1.2831745091646638,1.2470146342224002,1.3199665069565167,True,False
Transolver,D,1,D-k1,relative_l2,0.36185655164221925,0.3873158161093791,1.0703573400855872,1.0515435974678449,1.0893135942887429,True,False
Transolver,D,2,D-k2,relative_l2,0.5584918809682131,0.6203070714076361,1.1106823439065008,1.0828228365357795,1.1408040440852902,True,False
