model,model_key,protocol,degree,task,seed,split,geometry_id,beta1,beta2,harmonic_dimension,basis_index,probe_mode,pure_harmonic_identity_error,harmonic_preservation_error,harmonic_to_nonharmonic_leakage,predicted_norm,coefficient_identity_error
RIGNO,rigno,A,1,A-k1,0,test_iid,PA_test_iid_0000_b11,1,1,1,0,combined,0.1170031428337097,0.0949767529964447,0.06833116710186,0.907599151134491,0.0949767529964447
RIGNO,rigno,A,1,A-k1,0,test_iid,PA_test_iid_0066_b11,1,1,1,0,combined,0.1256629675626754,0.0792538151144981,0.0975193083286285,0.9258961081504822,0.0792538151144981
RIGNO,rigno,A,1,A-k1,0,test_iid,PA_test_iid_0132_b11,1,1,1,0,combined,0.1299257129430771,0.1081723198294639,0.0719683244824409,0.8947268128395081,0.1081723198294639
RIGNO,rigno,A,1,A-k1,0,test_iid,PA_test_iid_0199_b11,1,1,1,0,combined,0.1260199397802353,0.0933455601334571,0.0846618562936782,0.910598635673523,0.0933455601334571
RIGNO,rigno,A,1,A-k1,0,test_ood,PA_test_ood_0000_b11,1,1,1,0,combined,0.1453242897987365,0.1036985367536544,0.1018123924732208,0.9020654559135436,0.1036985367536544
RIGNO,rigno,A,1,A-k1,0,test_ood,PA_test_ood_0066_b11,1,1,1,0,combined,0.1178785264492034,0.0787899494171142,0.0876783281564712,0.925373077392578,0.0787899494171142
RIGNO,rigno,A,1,A-k1,0,test_ood,PA_test_ood_0132_b11,1,1,1,0,combined,0.1180901527404785,0.0817914083600044,0.0851789265871048,0.9221510291099548,0.0817914083600044
RIGNO,rigno,A,1,A-k1,0,test_ood,PA_test_ood_0199_b11,1,1,1,0,combined,0.1209607049822807,0.0797315537929534,0.0909635499119758,0.9247531294822692,0.0797315537929534
RIGNO,rigno,A,2,A-k2,0,test_iid,PA_test_iid_0000_b11,1,1,1,0,combined,0.235607236623764,0.2228512465953827,0.0764726400375366,0.7809021472930908,0.2228512465953827
RIGNO,rigno,A,2,A-k2,0,test_iid,PA_test_iid_0066_b11,1,1,1,0,combined,0.2333701401948928,0.2243140935897827,0.064380258321762,0.7783530950546265,0.2243140786886215
RIGNO,rigno,A,2,A-k2,0,test_iid,PA_test_iid_0132_b11,1,1,1,0,combined,0.2265811413526535,0.2120999544858932,0.0797032713890075,0.7919211387634277,0.2120999544858932
RIGNO,rigno,A,2,A-k2,0,test_iid,PA_test_iid_0199_b11,1,1,1,0,combined,0.2294383347034454,0.2139292806386947,0.0829227864742279,0.790432333946228,0.2139292806386947
RIGNO,rigno,A,2,A-k2,0,test_ood,PA_test_ood_0000_b11,1,1,1,0,combined,0.2004121094942093,0.1912111937999725,0.0600273832678794,0.8110133409500122,0.1912111937999725
RIGNO,rigno,A,2,A-k2,0,test_ood,PA_test_ood_0066_b11,1,1,1,0,combined,0.1830527633428573,0.1634954512119293,0.0823258012533187,0.8405458331108093,0.1634954512119293
RIGNO,rigno,A,2,A-k2,0,test_ood,PA_test_ood_0132_b11,1,1,1,0,combined,0.2192399948835373,0.2032165825366974,0.0822750106453895,0.8010199069976807,0.2032165825366974
RIGNO,rigno,A,2,A-k2,0,test_ood,PA_test_ood_0199_b11,1,1,1,0,combined,0.2034876495599746,0.1902417689561844,0.0722169652581214,0.8129720687866211,0.1902417689561844
RIGNO,rigno,B,1,B-k1,0,test_iid,PB_test_iid_0000_b10,1,0,1,0,combined,0.1656111031770706,0.1172807142138481,0.1169284880161285,0.8904300332069397,0.1172807142138481
RIGNO,rigno,B,1,B-k1,0,test_iid,PB_test_iid_0066_b10,1,0,1,0,combined,0.1089283227920532,0.0632158741354942,0.0887081250548362,0.9409748315811156,0.0632158741354942
RIGNO,rigno,B,1,B-k1,0,test_iid,PB_test_iid_0132_b10,1,0,1,0,combined,0.1371258646249771,0.0952420309185981,0.0986532047390937,0.9101205468177797,0.0952420309185981
RIGNO,rigno,B,1,B-k1,0,test_iid,PB_test_iid_0198_b10,1,0,1,0,combined,0.1220444291830062,0.1002950444817543,0.0695395618677139,0.9023883938789368,0.1002950444817543
RIGNO,rigno,B,1,B-k1,0,test_ood,PB_test_ood_0000_b30,3,0,3,0,combined,0.136947214603424,0.0414020605385303,0.1305389106273651,0.9814462065696716,0.0414020605385303
RIGNO,rigno,B,1,B-k1,0,test_ood,PB_test_ood_0066_b30,3,0,3,0,combined,0.1153819561004638,0.0320422165095806,0.1108435466885566,1.0357046127319336,0.0320422202348709
RIGNO,rigno,B,1,B-k1,0,test_ood,PB_test_ood_0132_b30,3,0,3,0,combined,0.1189895644783973,0.0539727471768856,0.1060446053743362,0.9568445086479188,0.0539727471768856
RIGNO,rigno,B,1,B-k1,0,test_ood,PB_test_ood_0199_b30,3,0,3,0,combined,0.1793431490659713,0.124668926000595,0.1289248466491699,0.9075983762741088,0.1246689334511756
RIGNO,rigno,C,2,C-k2,0,test_iid,PC_test_iid_0000_b01,0,1,1,0,combined,0.4375782608985901,0.4012534618377685,0.1745577305555343,0.6236728429794312,0.4012534618377685
RIGNO,rigno,C,2,C-k2,0,test_iid,PC_test_iid_0066_b01,0,1,1,0,combined,0.4554143249988556,0.4165830612182617,0.1840128898620605,0.6117483377456665,0.4165830612182617
RIGNO,rigno,C,2,C-k2,0,test_iid,PC_test_iid_0132_b01,0,1,1,0,combined,0.4846708476543426,0.4464130997657776,0.1887355297803878,0.5848755836486816,0.4464130997657776
RIGNO,rigno,C,2,C-k2,0,test_iid,PC_test_iid_0199_b02,0,2,2,0,combined,0.370877057313919,0.2941645383834839,0.2258695065975189,0.7435404658317566,0.2941645383834839
RIGNO,rigno,C,2,C-k2,0,test_ood,PC_test_ood_0000_b03,0,3,3,0,combined,0.2788405120372772,0.213179275393486,0.1797404289245605,0.8090528845787048,0.213179275393486
RIGNO,rigno,C,2,C-k2,0,test_ood,PC_test_ood_0066_b03,0,3,3,0,combined,0.3985079228878021,0.3269351124763489,0.2278640270233154,0.7558894753456116,0.3269351124763489
RIGNO,rigno,C,2,C-k2,0,test_ood,PC_test_ood_0132_b03,0,3,3,0,combined,0.4360421299934387,0.3903137743473053,0.194391131401062,0.6663355827331543,0.3903137743473053
RIGNO,rigno,C,2,C-k2,0,test_ood,PC_test_ood_0199_b03,0,3,3,0,combined,0.3266429901123047,0.2643879055976867,0.1918193697929382,0.7616924047470093,0.2643879055976867
RIGNO,rigno,D,1,D-k1,0,test_iid,PD_test_iid_0000_b10,1,0,1,0,combined,0.0957277417182922,0.0404574200510978,0.0867582708597183,0.9634568095207214,0.0404574200510978
RIGNO,rigno,D,1,D-k1,0,test_iid,PD_test_iid_0066_b21,2,1,2,0,combined,0.1189941391348838,0.078906275331974,0.0890696570277214,0.929689347743988,0.078906275331974
RIGNO,rigno,D,1,D-k1,0,test_iid,PD_test_iid_0131_b22,2,2,2,0,combined,0.109987124800682,0.0239453315734863,0.1073489040136337,0.9835108518600464,0.0239453315734863
RIGNO,rigno,D,1,D-k1,0,test_iid,PD_test_iid_0198_b10,1,0,1,0,combined,0.1005869805812835,0.0652721151709556,0.0765329524874687,0.9378558397293092,0.0652721151709556
RIGNO,rigno,D,1,D-k1,0,test_ood,PD_test_ood_0000_b33,3,3,3,0,combined,0.1172402203083038,0.043383240699768,0.1089181527495384,0.996726393699646,0.043383240699768
RIGNO,rigno,D,1,D-k1,0,test_ood,PD_test_ood_0066_b33,3,3,3,0,combined,0.1163598373532295,0.0329348444938659,0.1116015538573265,0.9814020991325378,0.0329348444938659
RIGNO,rigno,D,1,D-k1,0,test_ood,PD_test_ood_0132_b33,3,3,3,0,combined,0.1089506968855857,0.0361034534871578,0.1027949154376983,1.01133394241333,0.0361034534871578
RIGNO,rigno,D,1,D-k1,0,test_ood,PD_test_ood_0199_b33,3,3,3,0,combined,0.1335967481136322,0.0778025984764099,0.1086040958762168,0.931646466255188,0.0778025910258293
RIGNO,rigno,D,2,D-k2,0,test_iid,PD_test_iid_0001_b01,0,1,1,0,combined,0.4158396124839782,0.3667565286159515,0.195990115404129,0.6628795266151428,0.3667565286159515
RIGNO,rigno,D,2,D-k2,0,test_iid,PD_test_iid_0066_b21,2,1,1,0,combined,0.557891309261322,0.5159386396408081,0.2122488021850586,0.5285494327545166,0.5159386396408081
RIGNO,rigno,D,2,D-k2,0,test_iid,PD_test_iid_0133_b11,1,1,1,0,combined,0.412707507610321,0.3681185841560364,0.186590775847435,0.658855140209198,0.3681185841560364
RIGNO,rigno,D,2,D-k2,0,test_iid,PD_test_iid_0199_b01,0,1,1,0,combined,0.4808546602725982,0.431696742773056,0.2117994278669357,0.6064878106117249,0.431696742773056
RIGNO,rigno,D,2,D-k2,0,test_ood,PD_test_ood_0000_b33,3,3,3,0,combined,0.4369974434375763,0.3781950771808624,0.21894101798534393,0.66789311170578,0.3781950771808624
RIGNO,rigno,D,2,D-k2,0,test_ood,PD_test_ood_0199_b33,3,3,3,0,combined,0.49890872836112976,0.45017704367637634,0.215059295296669,0.592364490032196,0.45017707347869873
