model,protocol,degree,seed,iid_loss,ood_loss,ood_iid_ratio
MGN-lite,A,0,0,0.010276723237475381,0.010656982862274162,1.0370020303176128
MGN-lite,A,0,1,0.009679614655324258,0.009891999972751364,1.0219415054203924
MGN-lite,A,0,2,0.010127518884837627,0.010543127896962688,1.0410375943852632
MGN-lite,A,1,0,0.21046946374699474,0.222082890458405,1.0551786777267165
MGN-lite,A,1,1,0.21910166046582163,0.2287890871055424,1.0442143004262259
MGN-lite,A,1,2,0.23068120430223643,0.24182110197842122,1.0482913105551044
MGN-lite,A,2,0,0.3396878376509994,0.4709962418116629,1.3865560953512024
MGN-lite,A,2,1,0.36187690290622415,0.5010939408838749,1.3847082719554697
MGN-lite,A,2,2,0.34870652318932116,0.47598518956452607,1.3650022523556355
MGN-lite,B,0,0,0.009793854245508556,0.014256899819592946,1.4556985903819362
MGN-lite,B,0,1,0.008668145622941666,0.013264292215462775,1.530234123012038
MGN-lite,B,0,2,0.009145058825670276,0.013781881529139355,1.5070303856825358
MGN-lite,B,1,0,0.208205986302346,0.25553039759397506,1.2272961125282296
MGN-lite,B,1,1,0.22543564530089497,0.26986280240118504,1.197072459597026
MGN-lite,B,1,2,0.23394849655218422,0.273952998444438,1.1709970462807844
MGN-lite,B,2,0,0.2755867792200297,0.34862179659307,1.2650164045595556
MGN-lite,B,2,1,0.2761949357017875,0.34868509583175183,1.2624601350700841
MGN-lite,B,2,2,0.2717613300960511,0.34645907470956444,1.2748652451292914
MGN-lite,C,0,0,0.008744671111053322,0.010310190554591828,1.1790255372280014
MGN-lite,C,0,1,0.008125670354056638,0.009615749063086695,1.1833791729301637
MGN-lite,C,0,2,0.008617419402871746,0.009984669816331006,1.158661235984827
MGN-lite,C,1,0,0.16725559770129622,0.19231093485839665,1.1498026822507135
MGN-lite,C,1,1,0.17648164548911155,0.2013705907110125,1.1410285197246561
MGN-lite,C,1,2,0.1725009833741933,0.19859131279401482,1.1512474242725081
MGN-lite,C,2,0,0.32334757127799096,0.45757274895906447,1.4151111361392485
MGN-lite,C,2,1,0.3469570240937173,0.46332565233111384,1.3353978163184959
MGN-lite,C,2,2,0.34307943111285566,0.4671855953335762,1.3617417803747491
MGN-lite,D,0,0,0.010720960334292613,0.013854177445173263,1.2922515346744248
MGN-lite,D,0,1,0.010250011814641767,0.01340727057424374,1.3080248897949507
MGN-lite,D,0,2,0.00987015752296429,0.012444463537540286,1.2608171154904584
MGN-lite,D,1,0,0.24570938891731203,0.28185531957075,1.1471084634279158
MGN-lite,D,1,1,0.24795512286014854,0.28655454276129605,1.1556709918145887
MGN-lite,D,1,2,0.25341273619793353,0.2864455574005842,1.130351858782858
MGN-lite,D,2,0,0.3566805632971227,0.40880513899028303,1.1461379762646036
MGN-lite,D,2,1,0.36626110292971137,0.4124370548687875,1.126073862525166
MGN-lite,D,2,2,0.360334335975349,0.40685077823698523,1.1290924500317907
RIGNO,A,0,0,0.025811694575478165,0.02651621211495221,1.0272945093710877
RIGNO,A,0,1,0.026263190811962822,0.027169539773894913,1.0345102378618538
RIGNO,A,0,2,0.025391432755434012,0.02597561644439418,1.0230071179750637
RIGNO,A,1,0,0.26458977439293313,0.26510511092278727,1.0019476812021044
RIGNO,A,1,1,0.3412196763905988,0.3369543403502756,0.9874997359899005
RIGNO,A,1,2,0.2191899333292278,0.2260770951790304,1.0314209769819034
RIGNO,A,2,0,0.34910168261589475,0.4070699361784305,1.1660497684461646
RIGNO,A,2,1,0.38425480997505673,0.4167403455490225,1.0845416497872193
RIGNO,A,2,2,0.34904461181360985,0.3964857970998638,1.1359172543582698
RIGNO,B,0,0,0.023180393674775545,0.029178883334601804,1.2587742789870604
RIGNO,B,0,1,0.023949100673032356,0.030505789636914967,1.2737759990823248
RIGNO,B,0,2,0.023222952335090835,0.02917783396388445,1.2564222473899473
RIGNO,B,1,0,0.23331746482975058,0.24282560401857864,1.0407519394048192
RIGNO,B,1,1,0.3493788571359573,0.3451198966597172,0.9878099078142477
RIGNO,B,1,2,0.21651071628706245,0.22882702348891265,1.0568854392662972
RIGNO,B,2,0,0.32781619544364565,0.3970727529775377,1.2112664306904197
RIGNO,B,2,1,0.31856906642468685,0.3887207095939822,1.2202085844573989
RIGNO,B,2,2,0.3311471349739638,0.3993154269464668,1.2058549954776527
RIGNO,C,0,0,0.02295706082321913,0.023876658997363062,1.0400573131388768
RIGNO,C,0,1,0.02234417411645895,0.02292434121592127,1.0259650276818673
RIGNO,C,0,2,0.02278390787243446,0.02341015775504718,1.027486499950713
RIGNO,C,1,0,0.15990417459561035,0.1681242092070626,1.0514060038284825
RIGNO,C,1,1,0.16874927948085108,0.18253489738157988,1.081692899330531
RIGNO,C,1,2,0.1650534690127501,0.1751692009306901,1.0612876056374108
RIGNO,C,2,0,0.37498995806854146,0.4573537216205796,1.2196425845008454
RIGNO,C,2,1,0.372451894107419,0.4568010262449681,1.2264698702625523
RIGNO,C,2,2,0.3494587394769645,0.426502967587018,1.2204673096038914
RIGNO,D,0,0,0.027076408222385412,0.03041022634328704,1.1231263058792782
RIGNO,D,0,1,0.0262088907460381,0.029051095927372525,1.1084443141403864
RIGNO,D,0,2,0.026139122627467534,0.02895681020800921,1.1077957979194295
RIGNO,D,1,0,0.25238376371594634,0.2695613905842549,1.0680615369839783
RIGNO,D,1,1,0.367068815544609,0.367591431421383,1.0014237544968199
RIGNO,D,1,2,0.1961896679407133,0.21962218870793315,1.119438097903815
RIGNO,D,2,0,0.40051254500352834,0.46807853450333214,1.1686988094198363
RIGNO,D,2,1,0.3993872305118511,0.46943078638712005,1.1753775547242753
RIGNO,D,2,2,0.37585065109443777,0.417816285242327,1.1116550790205888
Transolver,A,0,0,0.03533643900649622,0.037683732083532956,1.0664269842415421
Transolver,A,0,1,0.03537726067355834,0.037930057240882886,1.0721592491538656
Transolver,A,0,2,0.03766219325480051,0.040096040476346385,1.0646230878026641
Transolver,A,1,0,0.37142574016004803,0.37628335105255245,1.013078282863248
Transolver,A,1,1,0.4341493044421077,0.42760514145717027,0.9849264690327056
Transolver,A,1,2,0.4188227524794638,0.4159689114056528,0.9931860409757682
Transolver,A,2,0,0.5302858477085829,0.6170704885199666,1.163656339663577
Transolver,A,2,1,0.49399561980739237,0.5865821237489581,1.1874237346024747
Transolver,A,2,2,0.5033788819238544,0.593263214994222,1.178561986404436
Transolver,B,0,0,0.034723475266364406,0.05049738473957405,1.4542721992026344
Transolver,B,0,1,0.03467421322246082,0.047856445787474514,1.380173948877798
Transolver,B,0,2,0.035067055585677735,0.049330142724793406,1.406737517618704
Transolver,B,1,0,0.38326162289828064,0.41134681187570094,1.0732794188080612
Transolver,B,1,1,0.38372320994734765,0.4230182682722807,1.1024046951194975
Transolver,B,1,2,0.45545975701883434,0.46827534928917885,1.0281377049736022
Transolver,B,2,0,0.45041247209534047,0.6122042696923018,1.3592080761980194
Transolver,B,2,1,0.43782327758148315,0.578863318040967,1.32213920017817
Transolver,B,2,2,0.4399078060686588,0.5767335633561015,1.3110328014185944
Transolver,C,0,0,0.031502788913203406,0.033333580571925266,1.0581152247747354
Transolver,C,0,1,0.03169860846537631,0.033590898527763785,1.059696313308339
Transolver,C,0,2,0.03186649495561142,0.03375266624731012,1.0591897946205269
Transolver,C,1,0,0.24135941326618193,0.2460399137623608,1.0193922434299962
Transolver,C,1,1,0.32539455240592363,0.32442859657108786,0.9970314320639555
Transolver,C,1,2,0.27550071742385623,0.2822938651777804,1.0246574593977298
Transolver,C,2,0,0.5111907929554582,0.6522071898728609,1.2758586399847187
Transolver,C,2,1,0.49149851497262714,0.6544884655252099,1.33161839880973
Transolver,C,2,2,0.4916999524459243,0.6356922774761915,1.292845920187684
Transolver,D,0,0,0.035092328804312276,0.04057572545018047,1.1562562768759415
Transolver,D,0,1,0.034878654269268734,0.039443073295988146,1.1308656862584598
Transolver,D,0,2,0.037353610320715235,0.0412035733833909,1.103068030897688
Transolver,D,1,0,0.4642726739123464,0.4725448517873883,1.017817498939435
Transolver,D,1,1,0.36548703277483585,0.3862917209416628,1.056923190978554
Transolver,D,1,2,0.2941276979446411,0.34007598998025057,1.1562188544523186
Transolver,D,2,0,0.5558079746738076,0.648625961318612,1.1669965003637766
Transolver,D,2,1,0.5729507326893508,0.6554934731125832,1.1440660351995506
Transolver,D,2,2,0.5886054399237036,0.6923470544815064,1.1762498399118602
GNOT,A,0,0,0.020594874488888307,0.022561675336910413,1.0954995306761042
GNOT,A,0,1,0.02022884651669301,0.02213540114578791,1.0942493002515785
GNOT,A,0,2,0.020177270997082816,0.021951027539325877,1.0879086444593775
GNOT,A,1,0,0.35904775634408,0.3617592620104551,1.0075519359708145
GNOT,A,1,1,0.254471474410966,0.26643545750528574,1.047015026426884
GNOT,A,1,2,0.3257355071231723,0.32944078648462893,1.0113751165606135
GNOT,A,2,0,0.4351468093320727,0.5031961825303733,1.1563825627097044
GNOT,A,2,1,0.39093090515583756,0.4469584277831018,1.143318222960474
GNOT,A,2,2,0.4170970509015024,0.48637690782547,1.16610008815509
GNOT,B,0,0,0.01827779818617273,0.037752685386221854,2.065494158633505
GNOT,B,0,1,0.017072174720233306,0.032634941367432474,1.9115866550237888
GNOT,B,0,2,0.01840135570266284,0.03500492988503538,1.9023016809554885
GNOT,B,1,0,0.21613463531248273,0.3193048852495849,1.4773425128644508
GNOT,B,1,1,0.21663027456961573,0.3079116935096681,1.4213696313749464
GNOT,B,1,2,0.13112975033931434,0.2535137319564819,1.9333044660001562
GNOT,B,2,0,0.4182153972052038,0.5729556615278125,1.3700013566135707
GNOT,B,2,1,0.41373343570157883,0.5598653769493103,1.3532031221985519
GNOT,B,2,2,0.4080641155317426,0.5426398523524404,1.3297906669527508
GNOT,C,0,0,0.016121804503491148,0.019616060444386674,1.216740994479796
GNOT,C,0,1,0.015882962986943312,0.019521575908875093,1.229089051263478
GNOT,C,0,2,0.01635572281840723,0.02024475708254613,1.2377781958839544
GNOT,C,1,0,0.08351534322835505,0.10069506952539087,1.2057074261200302
GNOT,C,1,1,0.08791027511935681,0.10558163557201623,1.2010158702002331
GNOT,C,1,2,0.08909449959173799,0.10843773036263883,1.2171091465751338
GNOT,C,2,0,0.42918237680569293,0.5912644987553358,1.3776532558395882
GNOT,C,2,1,0.4211112085916102,0.5768615715578198,1.3698556575758467
GNOT,C,2,2,0.4160417756997049,0.571849355455488,1.3744998431797952
GNOT,D,0,0,0.022742847198969685,0.03131334459176287,1.376843643094144
GNOT,D,0,1,0.0221435262815794,0.0288709778978955,1.303811214653399
GNOT,D,0,2,0.020682254058192483,0.02890282151987776,1.3974696103507642
GNOT,D,1,0,0.28272103091701867,0.32665647711604834,1.1554021151398715
GNOT,D,1,1,0.2296160571742803,0.2863559432700276,1.2471076578615812
GNOT,D,1,2,0.18882100987248124,0.2715264530107379,1.4380097489898562
GNOT,D,2,0,0.5002769609354436,0.6338821354135871,1.2670624172424843
GNOT,D,2,1,0.4843311489373445,0.6066736470162869,1.2526009288218818
GNOT,D,2,2,0.49416440092027186,0.623934934027493,1.2626059927942042
GAOT,A,0,0,0.3190006630681455,0.3205462274700403,1.004845019402247
GAOT,A,0,1,0.3190305270627141,0.32058715308085084,1.0048792384618126
GAOT,A,0,2,0.31895607445389035,0.3204745825193822,1.0047608689318483
GAOT,A,1,0,0.5407944071292877,0.5299739933386445,0.9799916314813951
GAOT,A,1,1,0.5406661026924848,0.5296794358640909,0.979679386642364
GAOT,A,1,2,0.5407632260024547,0.5293671178817749,0.9789258818412551
GAOT,A,2,0,0.8641881185024977,0.8709171985834837,1.0077865917581075
GAOT,A,2,1,0.8467554077506065,0.8580842173099518,1.0133790814391608
GAOT,A,2,2,0.8479116933047771,0.8506315650045871,1.0032077299101858
GAOT,B,0,0,0.31993745869025586,0.31570183390751483,0.986761085119321
GAOT,B,0,1,0.3197920374013484,0.3154322037287056,0.9863666596952474
GAOT,B,0,2,0.31986578879877925,0.315519651658833,0.9864126227557262
GAOT,B,1,0,0.5418305069208145,0.5348694648966194,0.9871527314625486
GAOT,B,1,1,0.5413073962181807,0.5359933247789741,0.9901828951971965
GAOT,B,1,2,0.5405941633880138,0.5359051483497024,0.9913261826414765
GAOT,B,2,0,0.5160524990409613,0.68562126301229,1.3285882042746766
GAOT,B,2,1,0.5165520238503813,0.6844587131217122,1.3250528146608616
GAOT,B,2,2,0.518901203200221,0.6879199958965182,1.3257244185480916
GAOT,C,0,0,0.3254242476448417,0.3235586608015001,0.9942672162359038
GAOT,C,0,1,0.325346789136529,0.32355778956785797,0.9945012533444113
GAOT,C,0,2,0.3247505172342062,0.3226029163599014,0.9933869208505186
GAOT,C,1,0,0.5174225991219282,0.5217827950417996,1.0084267597265189
GAOT,C,1,1,0.5125556088238955,0.5178022925928235,1.0102363210520064
GAOT,C,1,2,0.5182075171172619,0.5216098552942277,1.0065655901633628
GAOT,C,2,0,0.6680116856843233,0.7927930309996009,1.1867951534222776
GAOT,C,2,1,0.6655697935447097,0.7877804050967098,1.1836180258438826
GAOT,C,2,2,0.6649007495492697,0.7932642167434096,1.1930565836798295
GAOT,D,0,0,0.3177599031664431,0.31396898778155446,0.9880698749366658
GAOT,D,0,1,0.31773892499506473,0.3139035671763122,0.9879292163564407
GAOT,D,0,2,0.31775510439649224,0.3140083698928356,0.9882087354323614
GAOT,D,1,0,0.5465118110179901,0.5397308627888561,0.9875923116528752
GAOT,D,1,1,0.5476018055900931,0.5413471910357476,0.9885781703228579
GAOT,D,1,2,0.5530672008916736,0.5415734614431859,0.9792181864519227
GAOT,D,2,0,0.7097922774031759,0.8239636882394552,1.1608518639481165
GAOT,D,2,1,0.708874428384006,0.825326479151845,1.1642774038743509
GAOT,D,2,2,0.7110996625944972,0.8258856208622456,1.1614203525971927
TNO,A,0,0,0.015545309029403143,0.0161221300548641,1.037105793417804
TNO,A,0,1,0.01599483587604482,0.016615727539756334,1.0388182578754317
TNO,A,0,2,0.015305197042180226,0.016044521437725053,1.04830544771866
TNO,A,1,0,0.10356768069323152,0.10882363187149167,1.0507489512469468
TNO,A,1,1,0.10056539813987911,0.10569532627239824,1.0510108668329814
TNO,A,1,2,0.10290199377574026,0.10857082394883037,1.0550896048277207
TNO,A,2,0,0.17779231782536953,0.1796507103787735,1.0104526032178134
TNO,A,2,1,0.17604699119459838,0.1769969871873036,1.005396263726286
TNO,A,2,2,0.17531027568504215,0.17615468409378082,1.0048166509660603
TNO,B,0,0,0.014327619096729905,0.02143282415578142,1.495909684022322
TNO,B,0,1,0.014792179717624095,0.022122413279721514,1.4955478977424697
TNO,B,0,2,0.014396464542369359,0.021592933163046838,1.499877494192966
TNO,B,1,0,0.121592216915451,0.1057530309073627,0.8697351984370673
TNO,B,1,1,0.11905466514639557,0.10448046035133302,0.8775839251898161
TNO,B,1,2,0.12295836472418159,0.10842344406526536,0.8817898994385558
TNO,B,2,0,0.38448473254218696,0.5220746082440019,1.3578552385996707
TNO,B,2,1,0.3848020030371845,0.5193553331121802,1.3496689960368877
TNO,B,2,2,0.3856404543854296,0.521047703847289,1.3511230419994429
TNO,C,0,0,0.012547434676089325,0.015129658416844905,1.2057969463412568
TNO,C,0,1,0.013104173155734316,0.015979668612126262,1.2194335668659602
TNO,C,0,2,0.01375877057260368,0.016520027946680785,1.2006907055762157
TNO,C,1,0,0.16222597301006317,0.18809112696908414,1.1594390434472321
TNO,C,1,1,0.16157417611218988,0.18649334408342838,1.1542274178389482
TNO,C,1,2,0.1632692672032863,0.1887222790159285,1.1558959150649626
TNO,C,2,0,0.18401020676828922,0.14282097352202983,0.7761578883603667
TNO,C,2,1,0.18319621375761927,0.14279251089319586,0.779451212251143
TNO,C,2,2,0.1849217526661232,0.14308748760726303,0.7737731529378695
TNO,D,0,0,0.015954601737321356,0.01958778072614223,1.2277198170557941
TNO,D,0,1,0.01609525920561282,0.019603860763600097,1.2179897517129603
TNO,D,0,2,0.01616660123283509,0.019623538609594107,1.2138320434191092
TNO,D,1,0,0.13759962037671358,0.11893176245037466,0.8643320535679462
TNO,D,1,1,0.13351503148674965,0.11354808541480452,0.8504516993359905
TNO,D,1,2,0.13615816709119827,0.11686817601788789,0.8583265955659494
TNO,D,2,0,0.25215917588211595,0.22510691402480007,0.8927175195481969
TNO,D,2,1,0.2471339243138209,0.22093522344250233,0.8939898642241833
TNO,D,2,2,0.2477990128658712,0.22180535703431814,0.8951018588374163
