scope,degree,metric,median,mean,q25,q75,minimum,maximum
all,0,rho_J_error,0.6886900278086048,0.600714636211454,0.5964552957344905,0.7366344432654076,0.16332786848744865,0.7983373518895907
all,1,rho_J_error,0.3604233590520934,0.35185986918870454,0.21728963956626546,0.5538519144483802,-0.352824301884493,0.8366958385530621
all,2,rho_J_error,0.46554302071993,0.38297119925445067,0.1902473272450497,0.644206604426408,-0.39269463972446866,0.8340764104063687
iid,0,rho_J_error,0.6825373008395326,0.6073118600575939,0.5975983907787357,0.7339674417460027,0.16478622622847852,0.7890897095151712
iid,1,rho_J_error,0.4142039323498944,0.33426441550307867,0.18241663268223857,0.530845731790206,-0.3200269297295777,0.773199669061983
iid,2,rho_J_error,0.5298322341128658,0.399050800274688,0.13636884588882173,0.6738874259959782,-0.5237647011948457,0.8835840446625699
ood,0,rho_J_error,0.7372798277809809,0.6516472320659877,0.6647635738493343,0.7775120058781343,0.16909807671574487,0.8430394734991774
ood,1,rho_J_error,0.4674167147136168,0.4269004189850297,0.3645459797593434,0.5682396945151478,-0.34500164062756355,0.9496741244908196
ood,2,rho_J_error,0.22731535908649858,0.2205756561729003,0.04686303806724698,0.39783343411474087,-0.09622154097115777,0.5604038053184459
all,0,rho_R_error,0.8365047627948294,0.7614912527918346,0.7521027635167046,0.884217037780093,0.3866532555286155,0.9479655333849741
all,1,rho_R_error,0.7289062915649577,0.6491980961396191,0.4894550024726573,0.833621894390813,0.14364335493881053,0.9569407026308463
all,2,rho_R_error,0.7831925901142931,0.6822674323932826,0.6407036006166409,0.8543237179975461,-0.14052537520522468,0.9070081169953582
iid,0,rho_R_error,0.8289965921821754,0.761797606324385,0.744849407967825,0.884585882165441,0.34890220922220194,0.9438774826210667
iid,1,rho_R_error,0.7286037790684048,0.6565568063085205,0.46527781098095466,0.841455939774906,0.16724716757369934,0.960199031560987
iid,2,rho_R_error,0.8003037270370736,0.6451485099976719,0.5055256980870283,0.8701818166903387,-0.2816382838098185,0.9032623879099811
ood,0,rho_R_error,0.9011834901304534,0.8259269926593635,0.8806838194278429,0.9296108138450216,0.36317477839809126,0.9679074967304637
ood,1,rho_R_error,0.8137675488555453,0.7465362631425988,0.7051460392906864,0.8846399877187309,0.14749984765601196,0.9542013425020979
ood,2,rho_R_error,0.7383308489544516,0.6938108565404009,0.6509203217505029,0.824974113240802,-0.052415800649688524,0.929020873470115
all,0,rho_q_error,-0.8204375929443722,-0.7503551448041456,-0.8702978445987675,-0.7396928096944569,-0.9367811130004349,-0.39638840903579586
all,1,rho_q_error,-0.6664515699029571,-0.5646918272160192,-0.8268074369853271,-0.37765327398565396,-0.9509827962823424,0.3995640359625141
all,2,rho_q_error,-0.3594118357077484,-0.4122150547838684,-0.7095511160355923,-0.1777877954312223,-0.9566173609833443,0.4419122107078949
iid,0,rho_q_error,-0.8158079387624044,-0.7505669637765059,-0.8701475158554937,-0.7245737005057821,-0.932718168309638,-0.3591722565191509
iid,1,rho_q_error,-0.6405306609854078,-0.5658837671205891,-0.8310028043012568,-0.3743654931492081,-0.9481027079729814,0.3411033220364407
iid,2,rho_q_error,-0.4125866837291934,-0.40070201281564505,-0.7401518400810002,-0.11906922510816426,-0.9506444619444718,0.6139563733693334
ood,0,rho_q_error,-0.8934715444867883,-0.8201422638941623,-0.9245977474183555,-0.8698144743194911,-0.9643415927212388,-0.36570554016490653
ood,1,rho_q_error,-0.750884333413021,-0.6475530977392153,-0.8376367111511113,-0.5560767966043697,-0.9573432614738462,0.4543282333253646
ood,2,rho_q_error,-0.6675292031706299,-0.6153831099736095,-0.8049006014071898,-0.41661820955970247,-0.9529134264272289,0.10299726249572266
all,0,partial_rho_J_error_given_R,-0.031815273184542435,-0.054342689608494595,-0.08366424293863553,0.0019380555138373851,-0.27091100553499725,0.10108339705132138
all,1,partial_rho_J_error_given_R,0.10031786425269316,0.05712759216441843,-0.08486750763136958,0.35568893800297213,-0.717023923874561,0.8334953874892446
all,2,partial_rho_J_error_given_R,0.12115699359219702,0.08941084579424463,-0.1230353122462488,0.49165899323838935,-0.8348817813560927,0.7335449497221751
iid,0,partial_rho_J_error_given_R,-0.033916933171002195,-0.04913619942562297,-0.075086021316009,0.0162388597003065,-0.2591778787194093,0.11521389312031838
iid,1,partial_rho_J_error_given_R,0.10737080045793973,0.05750717423666141,-0.13140759950508438,0.33633649675015315,-0.6929603022971409,0.7657343882026051
iid,2,partial_rho_J_error_given_R,0.36924679691587625,0.21641243034866678,-0.16415040403929568,0.6595849182123761,-0.7871744619403817,0.8049635771647854
ood,0,partial_rho_J_error_given_R,-0.021412873771665033,-0.05266695888188616,-0.07077678615429167,0.0035125507935440782,-0.26434741203909373,0.10588848759976063
ood,1,partial_rho_J_error_given_R,0.17718463645229585,0.06533016945296555,-0.16799335508474164,0.3686081008809985,-0.7918446152722637,0.9486109140943689
ood,2,partial_rho_J_error_given_R,-0.1581038472646256,-0.1481331316860541,-0.40957583985586365,0.07803045763485085,-0.7160453764070163,0.4510037529285848
all,0,partial_rho_J_error_given_q,0.0485805266995607,0.0142335793265421,-0.012664480791696247,0.09322168407388008,-0.26700258203104876,0.1773614608595669
all,1,partial_rho_J_error_given_q,0.3790624679428894,0.39577435033652214,0.2233345009947478,0.5586470843843783,0.0654853205636875,0.8029907729597123
all,2,partial_rho_J_error_given_q,0.6167205790816404,0.5573946113429296,0.42010996088895874,0.7599168840520499,0.040597631987320575,0.8750364915714639
iid,0,partial_rho_J_error_given_q,0.04277534524971193,0.018326017374608386,-0.002259496821413853,0.10673664423886466,-0.2539317829849791,0.1820758034005875
iid,1,partial_rho_J_error_given_q,0.42154301207489603,0.411620263711927,0.28437078610002314,0.570524812267053,0.05332757296137358,0.7382364500337477
iid,2,partial_rho_J_error_given_q,0.6687854277158429,0.5869686811449611,0.3987631039753555,0.7942910678044858,-0.03484720333031477,0.8939637160116489
ood,0,partial_rho_J_error_given_q,0.04464786389530789,0.014505184285503127,-0.014904856796832084,0.09354546959572674,-0.25018176606226233,0.18346668367463054
ood,1,partial_rho_J_error_given_q,0.4441755592689757,0.46559724042932144,0.3102967324618705,0.6197605481021922,0.14248737878934337,0.9366305024138791
ood,2,partial_rho_J_error_given_q,0.3577007695351541,0.3577647729396867,0.2013885542804047,0.5185143704115016,-0.03916472574353585,0.6635391957166057
all,0,partial_rho_J_error_given_R_q,-0.1508945236400535,-0.1500219848935188,-0.19454198040255472,-0.10081984882877709,-0.24964051635297826,-0.04719189175502881
all,1,partial_rho_J_error_given_R_q,0.06232686941049339,0.07739081420169545,-0.0949967824474045,0.23445895411751577,-0.1927138706367315,0.5455634280749612
all,2,partial_rho_J_error_given_R_q,0.10667050483429363,0.062888252217458,-0.08046629097124217,0.23181774134833627,-0.47410731890575886,0.4266113107433074
iid,0,partial_rho_J_error_given_R_q,-0.12960834091831236,-0.13419206753692728,-0.1902337733304565,-0.08568528510020088,-0.23264523103705384,-0.02645941805994569
iid,1,partial_rho_J_error_given_R_q,0.06654676250854842,0.07852149422809417,-0.10927794394151068,0.23518935695917378,-0.18713127339916658,0.48328220834159047
iid,2,partial_rho_J_error_given_R_q,0.3310986031342793,0.19944115321913114,-0.050944518122756785,0.4453651796946991,-0.46832965136902793,0.6249775723414109
ood,0,partial_rho_J_error_given_R_q,-0.10010078067414743,-0.11787847834593995,-0.1432364101051239,-0.07158345085234269,-0.2752800498662562,-0.014743159140345975
ood,1,partial_rho_J_error_given_R_q,-0.025464485790684638,0.07800973796857476,-0.13517679591929416,0.27860624752662766,-0.21016587572849746,0.775861683308797
ood,2,partial_rho_J_error_given_R_q,-0.010792664230223285,0.0005966619536639794,-0.17834019516904606,0.26863053398858716,-0.427340829679442,0.41230003651976077
all,0,delta_rank_R2_J_over_R,0.00034133893657228853,0.009694715319424466,0.00011949311131512208,0.0030907160177540693,3.5917157659159926e-07,0.06156038931505381
all,1,delta_rank_R2_J_over_R,0.038460180973006686,0.08231002569989242,0.004079236929090263,0.09635737668892017,0.0010287578142414988,0.6803802282218802
all,2,delta_rank_R2_J_over_R,0.0856020081365042,0.12526769016527006,0.004275621970100618,0.16661263008628757,5.6479693029798383e-05,0.44102208536531007
iid,0,delta_rank_R2_J_over_R,0.0006347076520750172,0.008995025319215491,0.00025513935893534123,0.0026704848747005627,2.3098612149663467e-06,0.05816198201252909
iid,1,delta_rank_R2_J_over_R,0.03942704415262388,0.08264329245272468,0.005460513924848975,0.1273545711339703,3.1813498719834854e-06,0.5699480204689888
iid,2,delta_rank_R2_J_over_R,0.0944247979551443,0.19204042841525493,0.03205637302819872,0.2936313977288132,0.0006806841097927174,0.6304950901422374
ood,0,delta_rank_R2_J_over_R,0.0002417059443362013,0.00933985425491439,3.763168426884622e-05,0.0019795710282178858,2.0293060176701516e-06,0.05776307085347576
ood,1,delta_rank_R2_J_over_R,0.04149809668638893,0.08863658637554661,0.006367335244268607,0.07335008448561844,0.00013461378520363,0.8802850696455533
ood,2,delta_rank_R2_J_over_R,0.04319365308586848,0.05419927946045677,0.012397134351220751,0.07558276058156646,0.0002608818664424639,0.23055383669964413
all,0,delta_rank_R2_J_over_q,0.0018483801020031665,0.009530200141590811,0.0005308823483838321,0.005627112577408361,2.203103771969417e-06,0.05918971571563203
all,1,delta_rank_R2_J_over_q,0.09319362493587424,0.12137335237520075,0.015134778529835496,0.17071931806971866,0.0010157065991719394,0.5418518755322682
all,2,delta_rank_R2_J_over_q,0.29809353193546706,0.32053172833420646,0.0878429292526563,0.520455654734333,0.0002613670343342145,0.7441418465575069
iid,0,delta_rank_R2_J_over_q,0.002502826237735567,0.009539041185743622,0.0003167482253600973,0.006530314905395185,2.6016298337872e-08,0.05527431858972798
iid,1,delta_rank_R2_J_over_q,0.1116093756920657,0.13139615687992934,0.027028388408701698,0.18286022582607206,0.0012573553286097106,0.48158230949880676
iid,2,delta_rank_R2_J_over_q,0.37507236227157814,0.34480788535031937,0.06889067639109561,0.5766481739275391,0.00018625697432206323,0.7346665550507311
ood,0,delta_rank_R2_J_over_q,0.0012593102540621737,0.008615265927180751,0.0003697368972273296,0.004067781519590696,1.6284914577946452e-06,0.05143851942678401
ood,1,delta_rank_R2_J_over_q,0.1000177757708966,0.1462998275819939,0.024924092417641736,0.1928352722314632,0.0020504653510544646,0.6961943797264499
ood,2,delta_rank_R2_J_over_q,0.07021254138877475,0.12203284505015842,0.008888506979400523,0.21144677477388865,2.6424921007350832e-05,0.3922873727584354
all,0,delta_rank_R2_J_over_R_q,0.006501194848324454,0.013458866626509894,0.0017569212474455864,0.01493950368656638,0.00028265943681082817,0.052172208146339605
all,1,delta_rank_R2_J_over_R_q,0.00545296522420996,0.022001309851733906,0.0013077107654272946,0.026119651058579274,1.0205880003333334e-05,0.12641382989210914
all,2,delta_rank_R2_J_over_R_q,0.011117791510307118,0.023828907349720197,0.003654536524422991,0.02456637803537795,0.00011284032202663052,0.11578365604090879
iid,0,delta_rank_R2_J_over_R_q,0.004884198614442281,0.01115113701599583,0.0016232137593283902,0.014589272736321823,8.474984721196233e-05,0.04507071122484596
iid,1,delta_rank_R2_J_over_R_q,0.008680737963092378,0.02179692301876195,0.0013558259756305813,0.028266000246354728,0.0002887821788355449,0.12252420873804926
iid,2,delta_rank_R2_J_over_R_q,0.030170227821224416,0.0586415478797922,0.008812199998199821,0.08734143980083997,0.00012101870503178347,0.2121080319748211
ood,0,delta_rank_R2_J_over_R_q,0.0019087536642776737,0.010975110280442573,0.0003738703107885599,0.0033225004029159566,2.2927793591143164e-05,0.06255966349289754
ood,1,delta_rank_R2_J_over_R_q,0.005314684044942897,0.026697141100858718,0.0015549555022630612,0.04495768237959885,8.603110082827659e-05,0.1450397917269548
ood,2,delta_rank_R2_J_over_R_q,0.01010920794331216,0.022184489375281027,0.001403541727075741,0.03208859363208244,1.1023989961334024e-05,0.08202453242984176
