scope,task,protocol,degree,metric,median,mean,q25,q75,minimum,maximum
all,A-k0,A,0,rho_J_error,0.7375144711970592,0.6480270368269675,0.7097667931217942,0.7394169780437414,0.1990810474925967,0.7734835169857488
all,A-k1,A,1,rho_J_error,0.5273989611018903,0.4825892252004627,0.38815230982512106,0.5679033501130035,0.3120879861671821,0.6055078703155743
all,A-k2,A,2,rho_J_error,0.13443342165368033,0.10148006921882739,-0.021818640114703178,0.1970555618381101,-0.10842579333038802,0.30441241747390263
all,B-k0,B,0,rho_J_error,0.5981917185319214,0.5088837148959825,0.44237912251137607,0.6281952473418935,0.16332786848744865,0.6649529697081914
all,B-k1,B,1,rho_J_error,0.3767132160012563,0.4021087841040534,0.26237850800918283,0.5246912642836971,0.22864633150247324,0.6322957220629987
all,B-k2,B,2,rho_J_error,0.755515074419951,0.7132371688468039,0.6764995552732639,0.8051379773488193,0.4624764599517422,0.8340764104063687
all,C-k0,C,0,rho_J_error,0.7322297992108593,0.6445630655311757,0.6374314086646129,0.7599337216537977,0.22958113525843749,0.7983373518895907
all,C-k1,C,1,rho_J_error,0.1404281476281827,0.16959558333811853,-0.14078290069644556,0.4006312255883694,-0.352824301884493,0.8366958385530621
all,C-k2,C,2,rho_J_error,0.5483417889030426,0.3877545137712945,0.35529089757456933,0.6367738774019053,-0.39269463972446866,0.6653463038462124
all,D-k0,D,0,rho_J_error,0.6886900278086048,0.6013847275916905,0.6222478673331513,0.7008528352940763,0.1992893864411666,0.7266313385278667
all,D-k1,D,1,rho_J_error,0.34844360583734607,0.35314588411218373,0.2192982135930522,0.4510560670629169,0.18029848546815838,0.5801796372138571
all,D-k2,D,2,rho_J_error,0.45570388552886154,0.32941304518087705,0.25082564045923456,0.5055565383033352,-0.23239362300532151,0.5927571417020085
iid,A-k0,A,0,rho_J_error,0.7381018173465896,0.6524564022756286,0.7147611070486047,0.7465382055284462,0.20678230747235546,0.7754212662832286
iid,A-k1,A,1,rho_J_error,0.5198559060248532,0.4844693976084338,0.4150832091143893,0.5627362269316046,0.32058535247711323,0.5893305770790268
iid,A-k2,A,2,rho_J_error,0.08034127397074059,0.04451344845851322,-0.0739070197765934,0.13636884588882173,-0.16334465366352136,0.24002121097064216
iid,B-k0,B,0,rho_J_error,0.6204513835177868,0.5527094378272467,0.5472214565960261,0.6666129243951945,0.16478622622847852,0.7057560480563251
iid,B-k1,B,1,rho_J_error,0.4416896823276287,0.41420760287159725,0.27102682777629344,0.5397603043129755,0.20692558113372053,0.608350950206666
iid,B-k2,B,2,rho_J_error,0.8134152006487511,0.7494955421805347,0.6819203662818224,0.8506636104118913,0.48539030529735205,0.8835840446625699
iid,C-k0,C,0,rho_J_error,0.7009645952571801,0.6265754321491128,0.5990605942353036,0.7430605145476791,0.24624861132595524,0.7890897095151712
iid,C-k1,C,1,rho_J_error,0.10812976660901033,0.15350228281606693,-0.1263994846085697,0.36915043617255655,-0.3200269297295777,0.773199669061983
iid,C-k2,C,2,rho_J_error,0.5905827626293167,0.41464203850318526,0.4363396427181918,0.6307544308662983,-0.5237647011948457,0.8013811505955479
iid,D-k0,D,0,rho_J_error,0.6825373008395326,0.5975061679783875,0.6278880904501414,0.6937057909465484,0.1771223392536551,0.7357397589683735
iid,D-k1,D,1,rho_J_error,0.3161721815190337,0.28487837871621674,0.10236689237014435,0.44159372905270167,0.03804959851499768,0.5243769365264633
iid,D-k2,D,2,rho_J_error,0.5298322341128658,0.3875521719565187,0.3400542813348146,0.5857173116676745,-0.38052610238453505,0.765034031303174
ood,A-k0,A,0,rho_J_error,0.7341302916098307,0.6449645507258606,0.7092979813249709,0.7375630997079683,0.19016019556280558,0.7716386119353312
ood,A-k1,A,1,rho_J_error,0.53926278400435,0.502571992299988,0.40601033946928045,0.5907152960395251,0.3361754158990874,0.6312719785499665
ood,A-k2,A,2,rho_J_error,0.11606452119456437,0.10532676222931599,-0.002528576216525337,0.1852178167465887,-0.07247359761499629,0.3060958220247219
ood,B-k0,B,0,rho_J_error,0.6579219576905591,0.5708324544257101,0.5685301148908045,0.6757709836265371,0.16909807671574487,0.719599241561315
ood,B-k1,B,1,rho_J_error,0.45133200208125335,0.4951706135478337,0.40045137765840266,0.5978356138056466,0.38113536114900176,0.6570629954109304
ood,B-k2,B,2,rho_J_error,0.45883934974898405,0.41874700976095286,0.37462071034485994,0.5283536536775839,0.13632663488536703,0.5604038053184459
ood,C-k0,C,0,rho_J_error,0.7989069904796727,0.7079421960034313,0.7714412327206761,0.8236864022443786,0.21256753526177385,0.8430394734991774
ood,C-k1,C,1,rho_J_error,0.30009884781069973,0.2558079895437337,-0.112043852802895,0.5095765950415548,-0.34500164062756355,0.9496741244908196
ood,C-k2,C,2,rho_J_error,0.2675312187987794,0.21760731657393217,0.022781848096637657,0.42654258834779435,-0.09622154097115777,0.4460579000904689
ood,D-k0,D,0,rho_J_error,0.7611142087722013,0.6828497271089486,0.7457049307889544,0.7909727808168451,0.22253535552399303,0.8108404466256979
ood,D-k1,D,1,rho_J_error,0.4397571050892267,0.4540510805485634,0.36881915245180075,0.48875128320513006,0.34583076692307335,0.648705662040097
ood,D-k2,D,2,rho_J_error,0.1576604299381718,0.14062153612740022,0.019457174933085835,0.2700887345136477,-0.0365186586229041,0.2839727562074316
all,A-k0,A,0,rho_R_error,0.9031784543665838,0.8270817210280161,0.884217037780093,0.9208485572162334,0.403532726965909,0.9479655333849741
all,A-k1,A,1,rho_R_error,0.8527245547752168,0.8696790405187831,0.8287762793071404,0.9007982185735229,0.8180681369406786,0.9569407026308463
all,A-k2,A,2,rho_R_error,0.8061697558280296,0.828357966491692,0.7929077547979512,0.8824411594008437,0.7544481219190283,0.9070081169953582
all,B-k0,B,0,rho_R_error,0.772680647531503,0.6860352777481555,0.6150777312315358,0.7845691563258423,0.3866532555286155,0.8331216975084758
all,B-k1,B,1,rho_R_error,0.6307035354310686,0.6048079782905693,0.5130746122850048,0.7629581513592214,0.15712723227626263,0.9294055720334267
all,B-k2,B,2,rho_R_error,0.8429090167613347,0.8219625750934743,0.8115151273008311,0.8670143953181233,0.6843574811943287,0.8854999168594646
all,C-k0,C,0,rho_R_error,0.8635899481796674,0.7788958550856367,0.7767891418121649,0.889244757029202,0.3947984494291784,0.9057448850565958
all,C-k1,C,1,rho_R_error,0.5336218026842979,0.5183949783769447,0.4248195392361481,0.6871061590258435,0.14364335493881053,0.772663180727805
all,C-k2,C,2,rho_R_error,0.5138596186951636,0.5368829313995827,0.4932214153208654,0.6438196980252727,0.14271308211448522,0.8773835302279416
all,D-k0,D,0,rho_R_error,0.8280166359439984,0.7539521573055303,0.7683620169382879,0.8439006255471195,0.4015221168055144,0.868485122455126
all,D-k1,D,1,rho_R_error,0.6220786756166703,0.6039103873721792,0.4245483342962244,0.8093434828707983,0.22603035684779565,0.922804643673689
all,D-k2,D,2,rho_R_error,0.6842736232514153,0.5418662565883815,0.465735729779582,0.7540589312730201,-0.14052537520522468,0.8529652023301573
iid,A-k0,A,0,rho_R_error,0.9014251662893225,0.8250343438036624,0.884585882165441,0.9135706090947018,0.4068863701349533,0.9438774826210667
iid,A-k1,A,1,rho_R_error,0.8643547411792832,0.8787999356248996,0.841455939774906,0.9031982628097858,0.8339219905031102,0.960199031560987
iid,A-k2,A,2,rho_R_error,0.857161761190252,0.8523851482580443,0.8134980992157802,0.8960980954657742,0.7887045604758759,0.9032623879099811
iid,B-k0,B,0,rho_R_error,0.766087525136758,0.7011743221473784,0.698666117056433,0.7941369830265361,0.34890220922220194,0.8462895567024324
iid,B-k1,B,1,rho_R_error,0.6139756527240848,0.6413060612947633,0.5038212442519442,0.74174579278074,0.4459589468108544,0.9224871679487001
iid,B-k2,B,2,rho_R_error,0.8630718172997147,0.8515233539427406,0.8431614248616014,0.8730353133364273,0.7950160547125856,0.8750993282802004
iid,C-k0,C,0,rho_R_error,0.8500693282333255,0.7773833591927488,0.7568580341531785,0.8897675406524074,0.42681183876849815,0.9085617790027797
iid,C-k1,C,1,rho_R_error,0.5067588347794294,0.5120546750854299,0.41569447764762135,0.6729101334533336,0.16724716757369934,0.7779296217650341
iid,C-k2,C,2,rho_R_error,0.431386435760056,0.41441758112122057,0.35323098747029297,0.5055256980870283,-0.11185048726638637,0.87816514557054
iid,D-k0,D,0,rho_R_error,0.8175942774910587,0.7435984001537502,0.7682429992078114,0.8320958138215842,0.3662630957235871,0.8714165178383092
iid,D-k1,D,1,rho_R_error,0.6130865009164077,0.5940665532289895,0.37117621863471667,0.7890812427050667,0.3019504483600756,0.8979902546722729
iid,D-k2,D,2,rho_R_error,0.5730250359766187,0.4622679566686823,0.4455279949656172,0.6314201096407964,-0.2816382838098185,0.8552818363778694
ood,A-k0,A,0,rho_R_error,0.9051675197929997,0.8298529489889829,0.8883209934703022,0.9276037755527744,0.3988271387924044,0.9521675033867242
ood,A-k1,A,1,rho_R_error,0.85729405436571,0.8707833918490498,0.8255199676093244,0.9129848874763868,0.8094337959903064,0.9542013425020979
ood,A-k2,A,2,rho_R_error,0.8064547678980749,0.8276863909162359,0.7983077981371847,0.885990622641598,0.7323791209048764,0.9127349730233953
ood,B-k0,B,0,rho_R_error,0.8799678319809876,0.7977855785712166,0.809514872288863,0.8867874051365706,0.4164024084412632,0.9352842504441414
ood,B-k1,B,1,rho_R_error,0.8278103364224008,0.767604554850867,0.7172402007659388,0.8944210459703844,0.41097164995570307,0.942026901604534
ood,B-k2,B,2,rho_R_error,0.654046689916703,0.6270214836273182,0.605183568646201,0.6976865686508886,0.42211542518035194,0.7307910402985006
ood,C-k0,C,0,rho_R_error,0.9162999746874605,0.8282439269436358,0.8922355073992304,0.9278158208059701,0.36317477839809126,0.957820379406843
ood,C-k1,C,1,rho_R_error,0.7276579338405218,0.6136770487141386,0.5063773888709202,0.7785441129595516,0.14749984765601196,0.8511231970674956
ood,C-k2,C,2,rho_R_error,0.7331860284156695,0.7259810913767053,0.6651242716785496,0.859597354839617,0.41632213487833575,0.929020873470115
ood,D-k0,D,0,rho_R_error,0.9224536053962585,0.8478255161336191,0.8985563825099728,0.9517524363319319,0.4220290344203664,0.9679074967304637
ood,D-k1,D,1,rho_R_error,0.7793020301594222,0.7340800571563394,0.5978642544753977,0.8684903472505427,0.4662763848068513,0.9439951156173683
ood,D-k2,D,2,rho_R_error,0.7598051637580685,0.5945544602413443,0.4290940161625253,0.8476415099867345,-0.052415800649688524,0.9043549755546495
all,A-k0,A,0,rho_q_error,-0.8897532689465895,-0.8178733770989756,-0.9160829469562293,-0.8702978445987675,-0.9367811130004349,-0.4022804022579696
all,A-k1,A,1,rho_q_error,-0.8171531541613883,-0.8242316558123672,-0.8607388675898,-0.7669237895698396,-0.9385379740382711,-0.7470975457412288
all,A-k2,A,2,rho_q_error,-0.7183875682178,-0.7682646668804054,-0.8632756848733145,-0.7095511160355923,-0.9172892880036282,-0.6373462211098614
all,B-k0,B,0,rho_q_error,-0.753855137736382,-0.6705909089222301,-0.7608955208576255,-0.5950538630581497,-0.8138067641823298,-0.3966659938148414
all,B-k1,B,1,rho_q_error,-0.5446900794478087,-0.5350127093078697,-0.6574456342456211,-0.4221094109802387,-0.9450261826274151,-0.09938990698824493
all,B-k2,B,2,rho_q_error,-0.28285275941514043,-0.30661199942946166,-0.34661266029791415,-0.22460925204462973,-0.5331538889273004,-0.167751878639224
all,C-k0,C,0,rho_q_error,-0.856354701212774,-0.7717169133167129,-0.8814351548574824,-0.7676293977556241,-0.893354065763307,-0.39638840903579586
all,C-k1,C,1,rho_q_error,-0.3926885796635077,-0.3639655098498085,-0.7629715626842043,-0.12667088346518887,-0.8735823939774977,0.3995640359625141
all,C-k2,C,2,rho_q_error,-0.14697690848707362,-0.26089369761472564,-0.34468677673311593,-0.1060890231304778,-0.9566173609833443,0.18825878642921345
all,D-k0,D,0,rho_q_error,-0.8105598312733716,-0.7412393798786642,-0.8270895572127177,-0.7481396257381352,-0.8543919372624756,-0.4119923230438762
all,D-k1,D,1,rho_q_error,-0.5730901301133321,-0.5355574338940313,-0.6719471183194945,-0.3483027705772542,-0.9509827962823424,-0.13790844840173766
all,D-k2,D,2,rho_q_error,-0.3448303461251352,-0.31308985521088095,-0.5462253290919254,-0.15628056104709415,-0.9240030269543076,0.4419122107078949
iid,A-k0,A,0,rho_q_error,-0.8883506067978232,-0.8163421817846591,-0.9088465040570377,-0.8701475158554937,-0.932718168309638,-0.408875420117844
iid,A-k1,A,1,rho_q_error,-0.8220326789573109,-0.8306601729065202,-0.8668428349106796,-0.7784966050728204,-0.9361704471413238,-0.7579610983767163
iid,A-k2,A,2,rho_q_error,-0.8021716401119378,-0.811378627154105,-0.9006286650447892,-0.7401518400810002,-0.9201180314344242,-0.6908842045065696
iid,B-k0,B,0,rho_q_error,-0.7446387220917534,-0.6833488333575523,-0.7673773103551725,-0.675058558685248,-0.8248212887832637,-0.3591722565191509
iid,B-k1,B,1,rho_q_error,-0.44606050303347033,-0.5348824377751206,-0.6180946754455227,-0.3986125915821744,-0.933627896293588,-0.325309703608912
iid,B-k2,B,2,rho_q_error,-0.4396587377480278,-0.4705838563810256,-0.5269339659124468,-0.39897835777868407,-0.7186390291234831,-0.2841026939104592
iid,C-k0,C,0,rho_q_error,-0.8430856337275527,-0.7705843720068314,-0.8827412074081366,-0.747958104231413,-0.8964126037696935,-0.42871370111515805
iid,C-k1,C,1,rho_q_error,-0.3905569227451918,-0.3750922384253726,-0.7571287904356102,-0.15146672104175166,-0.8594535069586048,0.3411033220364407
iid,C-k2,C,2,rho_q_error,-0.05544980148406484,-0.14197360464625727,-0.20268004129693956,0.006965747212105021,-0.9506444619444718,0.43368829482546073
iid,D-k0,D,0,rho_q_error,-0.7966087173573709,-0.7319924679569813,-0.8210957575714963,-0.7491133697083903,-0.8583273801990317,-0.37787030135984595
iid,D-k1,D,1,rho_q_error,-0.5355946454603836,-0.5229002193753428,-0.6753755982431222,-0.27933593255614464,-0.9481027079729814,-0.20222370659954156
iid,D-k2,D,2,rho_q_error,-0.1611429783484037,-0.17887196308119233,-0.3493499189061233,-0.0700833848959139,-0.9130864423225662,0.6139563733693334
ood,A-k0,A,0,rho_q_error,-0.894676327619262,-0.8204319459874156,-0.9228832213019085,-0.8721692553425865,-0.9412060018843781,-0.39508060168844017
ood,A-k1,A,1,rho_q_error,-0.8187651347892732,-0.8225058007903138,-0.8610381949815549,-0.7619590557953997,-0.9481587705605791,-0.7311928534263337
ood,A-k2,A,2,rho_q_error,-0.7658114192365926,-0.7928497153901803,-0.8847916285806698,-0.7357709484702321,-0.9252944692101082,-0.6499718280809814
ood,B-k0,B,0,rho_q_error,-0.8742541941471784,-0.792771976987464,-0.8820895559993063,-0.8032756828526295,-0.9261539471155424,-0.41765200414375653
ood,B-k1,B,1,rho_q_error,-0.7803132543957101,-0.7060853454458523,-0.7911030525047696,-0.628742001940628,-0.9571243548818046,-0.34584330600516566
ood,B-k2,B,2,rho_q_error,-0.41403624849413834,-0.42584180600282195,-0.4606305224695664,-0.3711010251578518,-0.563855310711423,-0.3301717971434331
ood,C-k0,C,0,rho_q_error,-0.9106653447896014,-0.8233348294294212,-0.9206790967642138,-0.8861964628069733,-0.9509155639305688,-0.36570554016490653
ood,C-k1,C,1,rho_q_error,-0.44369246670697926,-0.38364545491477337,-0.7983622845504447,-0.12684598139997094,-0.9309999859374781,0.4543282333253646
ood,C-k2,C,2,rho_q_error,-0.6250045937571778,-0.6460627165042446,-0.8297193706552667,-0.5185156363525568,-0.9529134264272289,-0.29247673824490356
ood,D-k0,D,0,rho_q_error,-0.9180313758302748,-0.8440303031723487,-0.9484649526796136,-0.8917992938270216,-0.9643415927212388,-0.42211272986364046
ood,D-k1,D,1,rho_q_error,-0.7306040321938003,-0.6779757898059217,-0.7528914478772624,-0.5521912104550164,-0.9573432614738462,-0.3962625566602448
ood,D-k2,D,2,rho_q_error,-0.7515943149911173,-0.5967782019971907,-0.8771069759484,-0.4422584058725092,-0.9223868787294981,0.10299726249572266
all,A-k0,A,0,partial_rho_J_error_given_R,-0.019424641142354454,-0.03133268065681933,-0.03886388713916894,0.03346505741079264,-0.23423285139873612,0.07933472861879448
all,A-k1,A,1,partial_rho_J_error_given_R,0.13749338430352517,0.036855528890145595,-0.12460268578965539,0.25875056878507735,-0.488805245953032,0.34775006289530935
all,A-k2,A,2,partial_rho_J_error_given_R,-0.008786875513037258,-0.1364325787823721,-0.4136558968669779,0.09459349748107555,-0.646948424142185,0.26548531797987196
all,B-k0,B,0,partial_rho_J_error_given_R,-0.04679830615235769,-0.07438363234788703,-0.10027166848891274,-0.0062290746958299035,-0.2606861004499128,0.018783038812057742
all,B-k1,B,1,partial_rho_J_error_given_R,0.14620355782884947,0.0872334457946695,-0.012004039534657819,0.3387480984217276,-0.5341678685553839,0.4269717210355086
all,B-k2,B,2,partial_rho_J_error_given_R,-0.02306378890239548,-0.08550164486598712,-0.22268018564903164,0.10436890787774963,-0.49682603362345845,0.17231625332577236
all,C-k0,C,0,partial_rho_J_error_given_R,-0.03032874409187215,-0.04906543451553546,-0.08503189283501005,-0.008905792300458995,-0.22978743184141256,0.10108339705132138
all,C-k1,C,1,partial_rho_J_error_given_R,0.030293067135116928,-0.0003711016689570748,-0.4719421678613789,0.35262554550494246,-0.717023923874561,0.8334953874892446
all,C-k2,C,2,partial_rho_J_error_given_R,0.6085299969541969,0.3762913741784352,0.4561102635446688,0.7046735470295311,-0.8348817813560927,0.7335449497221751
all,D-k0,D,0,partial_rho_J_error_given_R,-0.022440528538668285,-0.0625890109137366,-0.06757814253608271,0.0005158864782598815,-0.27091100553499725,0.01471398618123252
all,D-k1,D,1,partial_rho_J_error_given_R,0.1831319079540835,0.10479249564181571,-0.016358757649035008,0.36254155584542347,-0.5567165911259653,0.47971862344289706
all,D-k2,D,2,partial_rho_J_error_given_R,0.4273358210196319,0.2032862326469025,0.12298493274227489,0.4984117583289801,-0.8242224585487856,0.645629838309018
iid,A-k0,A,0,partial_rho_J_error_given_R,-0.021012650793860853,-0.033088917298787636,-0.04343695364091694,0.025643227005961847,-0.23493284130498096,0.08814117408400975
iid,A-k1,A,1,partial_rho_J_error_given_R,0.10737080045793973,0.021736282660816498,-0.1047377868839313,0.23314151036769246,-0.4915789698310604,0.3076306338736916
iid,A-k2,A,2,partial_rho_J_error_given_R,-0.06852266370449905,-0.17582712842661943,-0.4452631521195588,0.04968056566067457,-0.6599945476434808,0.22383877730160842
iid,B-k0,B,0,partial_rho_J_error_given_R,-0.030546326628347092,-0.04867226271158512,-0.07044014031946985,0.012639964982082008,-0.23157328445462638,0.057335044139428915
iid,B-k1,B,1,partial_rho_J_error_given_R,0.25300649885708726,0.15253612886622014,0.04630121464754336,0.41229099549382453,-0.5129843705562398,0.47940286508895374
iid,B-k2,B,2,partial_rho_J_error_given_R,0.33913341897016314,0.18679083280757794,-0.047411718885589885,0.46986585465554137,-0.49972866737911614,0.6050235912377644
iid,C-k0,C,0,partial_rho_J_error_given_R,-0.04459676099653048,-0.0548542472802507,-0.10118791583609518,-0.016159194138886283,-0.22841421550647328,0.11521389312031838
iid,C-k1,C,1,partial_rho_J_error_given_R,-0.007362101327171461,-0.026365599942252904,-0.4751633693695626,0.3092997065274978,-0.6929603022971409,0.7657343882026051
iid,C-k2,C,2,partial_rho_J_error_given_R,0.7289285950261275,0.4730646092568784,0.6011527073188648,0.7898018718145086,-0.7871744619403817,0.7990512186023173
iid,D-k0,D,0,partial_rho_J_error_given_R,-0.034268025080675474,-0.059929370411868445,-0.06926192343736189,0.007456419955726418,-0.2591778787194093,0.02769969433127983
iid,D-k1,D,1,partial_rho_J_error_given_R,0.16876755663757453,0.08212188536186191,-0.08261976862065157,0.37636641085343014,-0.5969481807837154,0.4729938944610826
iid,D-k2,D,2,partial_rho_J_error_given_R,0.603823682039434,0.38162140775683023,0.3989129586157297,0.6930103845015413,-0.7762311641660773,0.8049635771647854
ood,A-k0,A,0,partial_rho_J_error_given_R,-0.011065019760095697,-0.02580623121402048,-0.027893570911307848,0.0433188818481043,-0.23366464933464975,0.07301354048159253
ood,A-k1,A,1,partial_rho_J_error_given_R,0.17718463645229585,0.08389639777338931,-0.0779560337049866,0.31680347860080266,-0.4605311995728414,0.4092001444156947
ood,A-k2,A,2,partial_rho_J_error_given_R,-0.07070313988810695,-0.16481783984354728,-0.4281727977406862,0.0449674314726885,-0.6258055209659206,0.2421098234461098
ood,B-k0,B,0,partial_rho_J_error_given_R,-0.08673302422465991,-0.1033767134206176,-0.1536420654946566,-0.02268508315460853,-0.26434741203909373,-0.005165971319378586
ood,B-k1,B,1,partial_rho_J_error_given_R,0.10698284430304843,0.025266497442441197,-0.1712829881491777,0.3303623252735066,-0.5991096774012563,0.39595908681940034
ood,B-k2,B,2,partial_rho_J_error_given_R,-0.30860079155500403,-0.33761519114889116,-0.40165197671667485,-0.28154127122553463,-0.5296612513725842,-0.17363784285781136
ood,C-k0,C,0,partial_rho_J_error_given_R,-0.006754244530205477,-0.02284725453911419,-0.03911341779929592,0.03638119697479861,-0.23032339436150873,0.10588848759976063
ood,C-k1,C,1,partial_rho_J_error_given_R,0.2569971021523357,0.08767530506365166,-0.4859973822621496,0.5059644287796674,-0.7918446152722637,0.9486109140943689
ood,C-k2,C,2,partial_rho_J_error_given_R,0.18563501181280834,0.02530072039952658,-0.2920629418813719,0.41906238947525676,-0.7160453764070163,0.4510037529285848
ood,D-k0,D,0,partial_rho_J_error_given_R,-0.024095094283612752,-0.058637636353792356,-0.048519270511348654,-0.01025454192592196,-0.2603347808606785,0.01900083836576888
ood,D-k1,D,1,partial_rho_J_error_given_R,0.1312984041382288,0.06448247753238001,-0.07082816293580109,0.2968515229424767,-0.5497498952052942,0.46021574153970174
ood,D-k2,D,2,partial_rho_J_error_given_R,-0.03863857837765812,-0.11540021615130458,-0.33738366062016795,0.09330949023761809,-0.6187299475489967,0.30327898232144657
all,A-k0,A,0,partial_rho_J_error_given_q,0.06972907445620123,0.0532906638819353,0.04855004342593667,0.1454475433397694,-0.20925302586383146,0.1773614608595669
all,A-k1,A,1,partial_rho_J_error_given_q,0.5136583436282358,0.433283770642672,0.2706069354447264,0.596921865242185,0.11203550829899167,0.6460842564701774
all,A-k2,A,2,partial_rho_J_error_given_q,0.3359745767861594,0.30111236206986797,0.18448348419388066,0.42010996088895874,0.040597631987320575,0.5119858446065556
all,B-k0,B,0,partial_rho_J_error_given_q,0.04116414782464722,0.002572004392117309,-0.028601580674348055,0.09361022081614107,-0.24262538624245908,0.11649369530657597
all,B-k1,B,1,partial_rho_J_error_given_q,0.3577614736964324,0.3742489087241981,0.25131772096508764,0.488746737472856,0.1409639256590991,0.6407616171735883
all,B-k2,B,2,partial_rho_J_error_given_q,0.8324464354958965,0.8002194364852891,0.7749105557681952,0.8629798420332955,0.632497682943755,0.8750364915714639
all,C-k0,C,0,partial_rho_J_error_given_q,0.01749664625601804,-0.00417268756564733,-0.04093308867923432,0.04576183722494394,-0.2211913854281452,0.16638806696529101
all,C-k1,C,1,partial_rho_J_error_given_q,0.3853253205706043,0.41802959930259065,0.3080942758499198,0.536356530298584,0.0654853205636875,0.8029907729597123
all,C-k2,C,2,partial_rho_J_error_given_q,0.6441639494922198,0.5963450404977788,0.6119184744896677,0.735270309602652,0.14486988701252218,0.7780633778614315
all,D-k0,D,0,partial_rho_J_error_given_q,0.0575793461367084,0.005244336597763123,0.0074744282511074855,0.08347009985135032,-0.26700258203104876,0.10043676929873925
all,D-k1,D,1,partial_rho_J_error_given_q,0.3412384321351566,0.35753512267662774,0.22030209962855374,0.43787152450491545,0.13860697467344035,0.6740543530281586
all,D-k2,D,2,partial_rho_J_error_given_q,0.5334194813478932,0.5319016063187821,0.4909929024692795,0.662162834694637,0.23590213778010896,0.7067405421168378
iid,A-k0,A,0,partial_rho_J_error_given_q,0.06329389459283732,0.0442663553845635,0.032808377440853354,0.12917476544892084,-0.21684705440335517,0.1820758034005875
iid,A-k1,A,1,partial_rho_J_error_given_q,0.5173603249406713,0.4582254689800839,0.33380549172393553,0.5910053159600199,0.16455712609833154,0.6619008442826696
iid,A-k2,A,2,partial_rho_J_error_given_q,0.3459246272148666,0.2774165331749783,0.15912711028013451,0.3987631039753555,-0.03484720333031477,0.4942599470863756
iid,B-k0,B,0,partial_rho_J_error_given_q,0.05976042724226313,0.03221580711013269,0.014041314881967342,0.11531789354454787,-0.22015384831076862,0.16128917674652696
iid,B-k1,B,1,partial_rho_J_error_given_q,0.46898585116311964,0.44605690995973674,0.36286764226622453,0.5602763960016448,0.18184105584823435,0.6383272180022008
iid,B-k2,B,2,partial_rho_J_error_given_q,0.856214566050927,0.7972087571717519,0.7368669760888692,0.8845342550380098,0.5858010974484543,0.8939637160116489
iid,C-k0,C,0,partial_rho_J_error_given_q,-0.0021133658684199417,-0.01465163984503596,-0.06186659681962166,0.03249000524705936,-0.22084216529326223,0.1749189361443561
iid,C-k1,C,1,partial_rho_J_error_given_q,0.36832868140243835,0.4015226557825273,0.285251657659617,0.5195088189264396,0.1067806073434229,0.7382364500337477
iid,C-k2,C,2,partial_rho_J_error_given_q,0.7261606146890015,0.6471096830111801,0.6834186931712782,0.7885963199915711,0.13655678328226709,0.8152004776490125
iid,D-k0,D,0,partial_rho_J_error_given_q,0.04685385159223408,0.011473546848773305,0.007170416187728552,0.09696725933515356,-0.2539317829849791,0.12145102792413066
iid,D-k1,D,1,partial_rho_J_error_given_q,0.3701843211177208,0.34067602012535997,0.1747085612232649,0.4517042847443763,0.05332757296137358,0.6619323250103037
iid,D-k2,D,2,partial_rho_J_error_given_q,0.6498125450009863,0.6261397512219345,0.6304443790754866,0.7377125566037215,0.2743586421016118,0.7918538909897364
ood,A-k0,A,0,partial_rho_J_error_given_q,0.08605933353251238,0.06515383929352238,0.0667087029102755,0.15555437736050381,-0.20364019965121855,0.18346668367463054
ood,A-k1,A,1,partial_rho_J_error_given_q,0.5379920505206035,0.44653831012717154,0.28155143236726066,0.6087900467720971,0.14248737878934337,0.6322977757604039
ood,A-k2,A,2,partial_rho_J_error_given_q,0.30222211710400504,0.2854145597972359,0.1879666839826157,0.3852807390302726,0.05314357880963456,0.49205105981792285
ood,B-k0,B,0,partial_rho_J_error_given_q,-0.0010703953631970888,-0.02188778237384593,-0.08441745839186465,0.07909291614813002,-0.2358277178988351,0.1130276071316685
ood,B-k1,B,1,partial_rho_J_error_given_q,0.37663105898316285,0.43502625816753854,0.3464881731364968,0.5420089707943245,0.23104397864684884,0.69227596647307
ood,B-k2,B,2,partial_rho_J_error_given_q,0.5908543520104534,0.5486489269130294,0.5185143704115016,0.6470690126796458,0.2864373856261023,0.6635391957166057
ood,C-k0,C,0,partial_rho_J_error_given_q,0.045638066395206484,0.028648615609716387,0.008491748637860105,0.11116584496663615,-0.22371977724071165,0.17521725756607298
ood,C-k1,C,1,partial_rho_J_error_given_q,0.5843741964714297,0.5859114186415496,0.48145135828755836,0.6912467915890773,0.2360748809713314,0.9366305024138791
ood,C-k2,C,2,partial_rho_J_error_given_q,0.3951806398426799,0.3943525998248008,0.24711725672199786,0.5642787979619254,0.12148209738205898,0.6358645755312751
ood,D-k0,D,0,partial_rho_J_error_given_q,0.02189631464759848,-0.013893935387380324,-0.0008515930828064998,0.042816890735110164,-0.25018176606226233,0.08166933733811088
ood,D-k1,D,1,partial_rho_J_error_given_q,0.3631985128768111,0.39491297478102605,0.2977646653121498,0.42362765940069863,0.234684498037398,0.6886722338625455
ood,D-k2,D,2,partial_rho_J_error_given_q,0.21157693058302168,0.20264300522368114,0.04658450182875565,0.34894385398942535,-0.03916472574353585,0.44554904188401906
all,A-k0,A,0,partial_rho_J_error_given_R_q,-0.08728447315969129,-0.11069456812375228,-0.12169725878191467,-0.06548559223936629,-0.24964051635297826,-0.04857046014823904
all,A-k1,A,1,partial_rho_J_error_given_R_q,0.0022426427852149447,0.055253797325109065,-0.1200085875824133,0.21789918460242147,-0.13808759021914446,0.3360993877628347
all,A-k2,A,2,partial_rho_J_error_given_R_q,-0.03069641694973986,-0.09681287509113945,-0.23814974728580407,0.021339027372160847,-0.4520450011983239,0.20117726646933132
all,B-k0,B,0,partial_rho_J_error_given_R_q,-0.16349301451713888,-0.18066902186813982,-0.21371176044454954,-0.1559588649494576,-0.23837472728336245,-0.13475455071061504
all,B-k1,B,1,partial_rho_J_error_given_R_q,0.10180392356221782,0.08449953870459753,-0.020097588316411813,0.14486126409702832,-0.10559889308994512,0.3105059928604179
all,B-k2,B,2,partial_rho_J_error_given_R_q,0.15105063829781024,0.08495542543768884,-0.0304377174842693,0.18213452257201976,-0.13382251896323583,0.23989181374195462
all,C-k0,C,0,partial_rho_J_error_given_R_q,-0.11433708341022178,-0.12591563807757342,-0.16597052544030855,-0.08153229654232878,-0.2258487295199329,-0.04719189175502881
all,C-k1,C,1,partial_rho_J_error_given_R_q,0.08470177113616165,0.10427016829363404,-0.09952815307404128,0.2194049711805606,-0.1927138706367315,0.5455634280749612
all,C-k2,C,2,partial_rho_J_error_given_R_q,0.2534765375199417,0.16960108169215357,0.09845183546736569,0.4055601150567821,-0.41898947131583864,0.4266113107433074
all,D-k0,D,0,partial_rho_J_error_given_R_q,-0.1802539307654755,-0.18280871150460976,-0.2169413611969247,-0.15352920117786123,-0.23637266394438183,-0.1261802808962615
all,D-k1,D,1,partial_rho_J_error_given_R_q,-0.006093460114362143,0.06553975248344117,-0.07393076883251658,0.17325849272115945,-0.10105308791206699,0.3699792511136731
all,D-k2,D,2,partial_rho_J_error_given_R_q,0.15132477450626494,0.09380937683112905,0.06219145623338564,0.2562351194268069,-0.47410731890575886,0.4106284463372566
iid,A-k0,A,0,partial_rho_J_error_given_R_q,-0.0736048454424531,-0.10237274402627809,-0.10506942399236442,-0.06744635461140533,-0.23264523103705384,-0.053430401058984264
iid,A-k1,A,1,partial_rho_J_error_given_R_q,-0.020538931959148896,0.03701089779288131,-0.1290715244411181,0.20761079004979086,-0.15195032334750871,0.29668193190543146
iid,A-k2,A,2,partial_rho_J_error_given_R_q,-0.011652686699935393,-0.08992374002148758,-0.20609369712238687,0.030752694006483443,-0.46832965136902793,0.17811213099455422
iid,B-k0,B,0,partial_rho_J_error_given_R_q,-0.15233617664344107,-0.15857687575250407,-0.19196752998456013,-0.12792261986543396,-0.2099699129991498,-0.11185623952462775
iid,B-k1,B,1,partial_rho_J_error_given_R_q,0.13145980780772348,0.09198245754719832,-0.05126659404123162,0.19744928670378636,-0.11021061767729559,0.29191536233344795
iid,B-k2,B,2,partial_rho_J_error_given_R_q,0.34751265035880174,0.21569151471534465,0.025183997623420967,0.3805836260373028,-0.16305001969980065,0.45282540929916787
iid,C-k0,C,0,partial_rho_J_error_given_R_q,-0.11275840717438326,-0.12496700767806719,-0.1760864145290047,-0.08716174303584392,-0.22200054168948163,-0.02645941805994569
iid,C-k1,C,1,partial_rho_J_error_given_R_q,0.09032983906142289,0.10143641867001525,-0.09107260270572082,0.23509344645254868,-0.18713127339916658,0.48328220834159047
iid,C-k2,C,2,partial_rho_J_error_given_R_q,0.46704174354747674,0.3632057381410921,0.38841521264121737,0.5586752776161374,-0.31848509243715134,0.6122098762105952
iid,D-k0,D,0,partial_rho_J_error_given_R_q,-0.15016821889747176,-0.1508516426908598,-0.18146920724932147,-0.12066995354957502,-0.21624917708164337,-0.0857841728016911
iid,D-k1,D,1,partial_rho_J_error_given_R_q,0.06082836155255458,0.0836562029022818,-0.04045497013025908,0.18794427673385916,-0.11779481724092271,0.3419751437797406
iid,D-k2,D,2,partial_rho_J_error_given_R_q,0.3884057176565889,0.30879110004157534,0.32968140529143475,0.47895969634578445,-0.3682933978170364,0.6249775723414109
ood,A-k0,A,0,partial_rho_J_error_given_R_q,-0.08661217691707582,-0.10832098015381875,-0.12052458471139864,-0.0530749106267431,-0.26484268402964883,-0.03813430055297355
ood,A-k1,A,1,partial_rho_J_error_given_R_q,0.029789296412771036,0.08601025481071971,-0.08697319566562366,0.24509386715429757,-0.11164245439620572,0.3771573593919306
ood,A-k2,A,2,partial_rho_J_error_given_R_q,0.044426255336366446,-0.04044808939086305,-0.17626135684896932,0.06367816580044383,-0.427340829679442,0.2755282076171424
ood,B-k0,B,0,partial_rho_J_error_given_R_q,-0.10234707136535082,-0.14341885992691122,-0.17110959224779324,-0.09925803432606457,-0.2752800498662562,-0.08828017910959961
ood,B-k1,B,1,partial_rho_J_error_given_R_q,-0.05914659908777242,0.03347149393108054,-0.14519205392067364,0.1919380058806562,-0.16946997077139436,0.38683313052826407
ood,B-k2,B,2,partial_rho_J_error_given_R_q,-0.1017720600194695,-0.0982231716057042,-0.16302079568598093,-0.04141702356338564,-0.1900133025663654,0.008954111957255002
ood,C-k0,C,0,partial_rho_J_error_given_R_q,-0.07023882658862254,-0.08323013645423012,-0.09374519867423126,-0.033075228289441226,-0.22189198818197475,-0.014743159140345975
ood,C-k1,C,1,partial_rho_J_error_given_R_q,0.13634181263419987,0.16160643286940124,-0.09374987825127183,0.24562915621648107,-0.19051787355826832,0.775861683308797
ood,C-k2,C,2,partial_rho_J_error_given_R_q,0.1277120640658821,0.06532328470580463,-0.16366620531299228,0.331299650606907,-0.4141543407646622,0.41230003651976077
ood,D-k0,D,0,partial_rho_J_error_given_R_q,-0.12705341672770804,-0.13654393684879973,-0.14736512146064712,-0.08371681156744648,-0.2687138366370671,-0.07303598478132911
ood,D-k1,D,1,partial_rho_J_error_given_R_q,-0.08274586785339022,0.030950770263097577,-0.14244536708304137,0.21630131096439417,-0.21016587572849746,0.4077237292697995
ood,D-k2,D,2,partial_rho_J_error_given_R_q,0.13015380500072474,0.07573462410541855,-0.058220163574048245,0.2843393876607929,-0.40033112673047144,0.37970816591302353
all,A-k0,A,0,delta_rank_R2_J_over_R,0.00027582111762947115,0.007999940596550367,0.00020686183809695557,0.0010686197282215315,3.5917157659159926e-07,0.04593088082912833
all,A-k1,A,1,delta_rank_R2_J_over_R,0.018749264080857864,0.020240373607182432,0.005254508124810542,0.035040678170581624,0.001550754392626641,0.041165553415467904
all,A-k2,A,2,delta_rank_R2_J_over_R,0.01715351691213224,0.02695615946115622,0.0024340614286645634,0.04524819030459121,0.00106653900570719,0.07422272623404613
all,B-k0,B,0,delta_rank_R2_J_over_R,0.00102584656318222,0.011428071650484687,0.00018627959660039162,0.006865452965571034,7.395474370675004e-07,0.05779758485499953
all,B-k1,B,1,delta_rank_R2_J_over_R,0.037802023959323805,0.04411229498480146,0.01247139957695359,0.06520705412423172,0.0017602539788287297,0.10893954571596787
all,B-k2,B,2,delta_rank_R2_J_over_R,0.005398507833110522,0.02833973848617231,0.0019703960965275213,0.02169385136743257,5.6479693029798383e-05,0.1312316108279099
all,C-k0,C,0,delta_rank_R2_J_over_R,0.0010747772936758326,0.008571379527571846,0.0002045216848140241,0.0038614087504979244,1.8042827039099762e-06,0.04457219591074346
all,C-k1,C,1,delta_rank_R2_J_over_R,0.15428632649873647,0.20977404197637317,0.044564591213863525,0.23407553165398812,0.0010287578142414988,0.6803802282218802
all,C-k2,C,2,delta_rank_R2_J_over_R,0.30210579344519706,0.28436248056705365,0.17414244852006336,0.3998803890332767,0.09698129003896228,0.44102208536531007
all,D-k0,D,0,delta_rank_R2_J_over_R,0.0002452885946639949,0.010779469503090963,2.917433630547639e-05,0.002061100767414892,2.3427723128133238e-06,0.06156038931505381
all,D-k1,D,1,delta_rank_R2_J_over_R,0.056944351778494995,0.05511339223121255,0.012583423945074279,0.08609369071915454,0.0011587089913334125,0.12202635580564347
all,D-k2,D,2,delta_rank_R2_J_over_R,0.13038499067633297,0.16141238214669812,0.11619932441894007,0.17279271002733226,0.0006984945588774938,0.4086064314911708
iid,A-k0,A,0,delta_rank_R2_J_over_R,0.0003300372819578512,0.00807936886465166,0.00018355456724336583,0.001299981009090706,2.3098612149663467e-06,0.04605580618230576
iid,A-k1,A,1,delta_rank_R2_J_over_R,0.013423532393297133,0.016341318714752473,0.003089897582423118,0.026668206178602966,0.0008326862441557781,0.039639711171928105
iid,A-k2,A,2,delta_rank_R2_J_over_R,0.01325038485986263,0.0268668877933315,0.00248740593831262,0.04401102987569658,0.0006806841097927174,0.08085554841836717
iid,B-k0,B,0,delta_rank_R2_J_over_R,0.0007950273144603504,0.00883320618323069,0.0003793903306747448,0.0030981484257733283,0.00020435945356922502,0.04709812288460369
iid,B-k1,B,1,delta_rank_R2_J_over_R,0.059271671004425985,0.06603130186478484,0.02125009282057233,0.11340095667062472,3.1813498719834854e-06,0.13762100251133969
iid,B-k2,B,2,delta_rank_R2_J_over_R,0.04693985958558228,0.05170609318543647,0.024048088795684458,0.08337046994277744,0.0074632973517383405,0.09696203732882158
iid,C-k0,C,0,delta_rank_R2_J_over_R,0.0015958716978811682,0.008759914398821714,0.00045720177076777335,0.0053520097433767955,1.7267174607815683e-05,0.04266877493562149
iid,C-k1,C,1,delta_rank_R2_J_over_R,0.14430585304899912,0.1837351665715158,0.03423952508431671,0.22065097804943798,0.00020117071643421802,0.5699480204689888
iid,C-k2,C,2,delta_rank_R2_J_over_R,0.4475905983389596,0.40489123377490555,0.283091012020112,0.5121147040965518,0.1417905598996979,0.6304950901422374
iid,D-k0,D,0,delta_rank_R2_J_over_R,0.0006950514930701424,0.0103076118301579,9.71570912673414e-05,0.001954691139019471,2.1156003942368606e-05,0.05816198201252909
iid,D-k1,D,1,delta_rank_R2_J_over_R,0.07465541734772446,0.06446538265984565,0.025950263768416665,0.08205374213849359,0.0005583682345987606,0.1426880300516289
iid,D-k2,D,2,delta_rank_R2_J_over_R,0.2678219322378703,0.28469749890734614,0.1860649024126348,0.32746746561495177,0.06980967055446718,0.5965695892023339
ood,A-k0,A,0,delta_rank_R2_J_over_R,0.00023550151007795117,0.00793109960683295,0.00011108839458584541,0.0009058981684277045,2.157440230687868e-06,0.045914456103311685
ood,A-k1,A,1,delta_rank_R2_J_over_R,0.019159685780792024,0.023894021291735994,0.005079540678919553,0.039766290885750954,0.00405774140998183,0.05396569654648409
ood,A-k2,A,2,delta_rank_R2_J_over_R,0.01587227946315528,0.02458336368548793,0.002403257942009046,0.04244210300652579,0.0003105409014628746,0.06623278732921123
ood,B-k0,B,0,delta_rank_R2_J_over_R,0.0019452495064618547,0.01199138184278318,0.00015376857157783919,0.008535330055318702,6.089358745464679e-06,0.05776307085347576
ood,B-k1,B,1,delta_rank_R2_J_over_R,0.030913697102740834,0.03507941712049891,0.017218329025207646,0.04690217469611077,0.00025126837496891596,0.0835129665826122
ood,B-k2,B,2,delta_rank_R2_J_over_R,0.05445971589404558,0.08502978169091396,0.0397995948468656,0.10420429996366667,0.015006705839735845,0.23055383669964413
ood,C-k0,C,0,delta_rank_R2_J_over_R,0.00032436585768896853,0.00804517127145756,7.824627765221082e-05,0.0012601838392523879,2.0293060176701516e-06,0.046051937023269596
ood,C-k1,C,1,delta_rank_R2_J_over_R,0.16550153954701402,0.2607535276929736,0.1187219446230047,0.2288526278752948,0.00013461378520363,0.8802850696455533
ood,C-k2,C,2,delta_rank_R2_J_over_R,0.08462423848264655,0.06974945185043134,0.04206173241310984,0.10250264289148728,0.0002608818664424639,0.11265101085315399
ood,D-k0,D,0,delta_rank_R2_J_over_R,0.0001114385065515977,0.009391764298583868,2.8314408617335918e-05,0.00034138216396456533,6.03539321275548e-06,0.055703036959445784
ood,D-k1,D,1,delta_rank_R2_J_over_R,0.038100605869232085,0.0348193793969779,0.010519726803681434,0.05538432548247302,0.00028094172139814244,0.06996245711995386
ood,D-k2,D,2,delta_rank_R2_J_over_R,0.028524270698581877,0.03743452061499388,0.007700053270712243,0.062010781727107,0.0019015438745632052,0.09172543888686524
all,A-k0,A,0,delta_rank_R2_J_over_q,0.002360211043700655,0.008333886252278785,0.0007862251049187696,0.006553386688976759,0.00036939314546402535,0.03670082725141377
all,A-k1,A,1,delta_rank_R2_J_over_q,0.08559135485537928,0.08084403165955566,0.028638294799818387,0.1267508381078386,0.0014955211602929452,0.16226135177965928
all,A-k2,A,2,delta_rank_R2_J_over_q,0.05621002385705026,0.060794962766675675,0.012590985362711637,0.0878429292526563,0.0002613670343342145,0.1556498249358289
all,B-k0,B,0,delta_rank_R2_J_over_q,0.002675285327412291,0.010367503737349718,0.0014633137265817886,0.00520537928366846,0.00014168286000992847,0.04960470178053833
all,B-k1,B,1,delta_rank_R2_J_over_q,0.0699596270185644,0.10815660932070735,0.024564035194307998,0.1906338486226178,0.010627979681170019,0.2581016617957538
all,B-k2,B,2,delta_rank_R2_J_over_q,0.6376428466748842,0.5881722779109942,0.5291681695295699,0.7071051481154278,0.286336935148616,0.7441418465575069
all,C-k0,C,0,delta_rank_R2_J_over_q,0.0011369106800846462,0.008211154912770469,0.00023450685492237833,0.004598844622254017,6.833026216002125e-05,0.04123824967144807
all,C-k1,C,1,delta_rank_R2_J_over_q,0.12074949405239976,0.18884583251614565,0.04585351371350796,0.2760525519581676,0.0010157065991719394,0.5418518755322682
all,C-k2,C,2,delta_rank_R2_J_over_q,0.401064130991144,0.3803910295935357,0.3272406608909057,0.5338609908853861,0.0017814683567233258,0.5976769988479096
all,D-k0,D,0,delta_rank_R2_J_over_q,0.0019554208033660814,0.011208255663964273,0.000803041249922698,0.0032847493199974487,2.203103771969417e-06,0.05918971571563203
all,D-k1,D,1,delta_rank_R2_J_over_q,0.09259229380144113,0.1076469360043943,0.025881979549340822,0.1784793186195565,0.003291953349036869,0.24665154005021106
all,D-k2,D,2,delta_rank_R2_J_over_q,0.224432541373982,0.25276864306562014,0.19453423567855874,0.3833862740264231,0.008137027781206951,0.4386707625072287
iid,A-k0,A,0,delta_rank_R2_J_over_q,0.0019848923844926203,0.008637061970426574,0.0006544220809720502,0.006746757364320122,0.00014616828222979716,0.03916144110061659
iid,A-k1,A,1,delta_rank_R2_J_over_q,0.0853333665622048,0.08109689320411319,0.03801101850034164,0.12460638328382834,0.0033465612430436664,0.15263377351980245
iid,A-k2,A,2,delta_rank_R2_J_over_q,0.04671058329321098,0.04888314940878439,0.00846814233522497,0.06889067639109561,0.00018625697432206323,0.12768677011900886
iid,B-k0,B,0,delta_rank_R2_J_over_q,0.003757005256336654,0.010289075391801886,0.0014705224174589582,0.00941192720202158,2.6016298337872e-08,0.042215153166756725
iid,B-k1,B,1,delta_rank_R2_J_over_q,0.15508357978717402,0.15916139581166314,0.055002289563809204,0.2570179743700264,0.014642072685234542,0.31752117722339823
iid,B-k2,B,2,delta_rank_R2_J_over_q,0.5916243370368313,0.5162223822432201,0.39796218960058816,0.6579599075680559,0.16593915946795623,0.7346665550507311
iid,C-k0,C,0,delta_rank_R2_J_over_q,0.0016940253674112005,0.008205593243539496,0.00011093818452040383,0.005261514726070893,4.261885111045416e-06,0.03980732653878927
iid,C-k1,C,1,delta_rank_R2_J_over_q,0.0956670282637127,0.16911849193310732,0.04002519681142733,0.2619193910880905,0.0029798205488631435,0.48158230949880676
iid,C-k2,C,2,delta_rank_R2_J_over_q,0.474919599087397,0.44751626031969804,0.4373130249033099,0.6023424917682229,0.0017953146132706488,0.6638687596263443
iid,D-k0,D,0,delta_rank_R2_J_over_q,0.002508816509659284,0.011024434137206532,0.0006029127969354175,0.005031108069001811,1.5169732715869522e-05,0.05527431858972798
iid,D-k1,D,1,delta_rank_R2_J_over_q,0.10204016979163327,0.11620784657083368,0.018790878141360323,0.19624782550240347,0.0012573553286097106,0.2732178928491963
iid,D-k2,D,2,delta_rank_R2_J_over_q,0.3687054140094124,0.36660974942957486,0.2864298242521366,0.5232009832532147,0.012515822947805955,0.6160277116099582
ood,A-k0,A,0,delta_rank_R2_J_over_q,0.0027682260485382693,0.008256126802611693,0.0011648195691934538,0.006432203862769825,0.0007199904597707807,0.034996437715230644
ood,A-k1,A,1,delta_rank_R2_J_over_q,0.08477119886097173,0.08675283368416671,0.030864269449849907,0.13998401594844737,0.0020504653510544646,0.17764055774158716
ood,A-k2,A,2,delta_rank_R2_J_over_q,0.03848674661547574,0.04945658007554669,0.010047199733139361,0.06882112234754034,0.00043621188970111024,0.13982984363537176
ood,B-k0,B,0,delta_rank_R2_J_over_q,0.001939587371588336,0.009058463070908906,0.0007956394061236771,0.0032814652938353006,0.00041486188324291184,0.04591366044681411
ood,B-k1,B,1,delta_rank_R2_J_over_q,0.08539057919296483,0.10359075498160362,0.030336153573240127,0.170332920180775,0.009975512993629532,0.2301561463000189
ood,B-k2,B,2,delta_rank_R2_J_over_q,0.2893411696886977,0.26694410473588204,0.21361541005826756,0.36210550629607674,0.05596114093280069,0.3922873727584354
ood,C-k0,C,0,delta_rank_R2_J_over_q,0.0011643541386073264,0.008422456771676431,0.00027569376655042777,0.00394222178906517,1.6284914577946452e-06,0.043356752546303556
ood,C-k1,C,1,delta_rank_R2_J_over_q,0.29285450898310034,0.300007464008994,0.08761099281327861,0.441853108405196,0.007425590725414155,0.6961943797264499
ood,C-k2,C,2,delta_rank_R2_J_over_q,0.12286055410404695,0.1341063073614629,0.023526345492104195,0.2496070282103362,0.0013570774765611082,0.27528886295023314
ood,D-k0,D,0,delta_rank_R2_J_over_q,0.00020753138312007424,0.008724017063525972,6.017792558066226e-05,0.0004089857914273687,3.3228208676794324e-06,0.05143851942678401
ood,D-k1,D,1,delta_rank_R2_J_over_q,0.09051060267192168,0.09484825765321121,0.0306965626633858,0.14072583415326403,0.007094596217566251,0.2127509503836057
ood,D-k2,D,2,delta_rank_R2_J_over_q,0.03412367693203233,0.037624388027742074,0.001911622032549437,0.07299267396297376,2.6424921007350832e-05,0.08034927267537106
all,A-k0,A,0,delta_rank_R2_J_over_R_q,0.0011094553164447962,0.009792947498736548,0.0005351854771779851,0.003030308969451584,0.00035221049531386495,0.052172208146339605
all,A-k1,A,1,delta_rank_R2_J_over_R_q,0.0037308693893551292,0.011027356064760166,0.00140687244181531,0.018125948676555564,0.0007386934027854286,0.034407188975474234
all,A-k2,A,2,delta_rank_R2_J_over_R_q,0.007001845951975338,0.009549168612781692,0.0007115068764775023,0.015578757973807755,0.00011284032202663052,0.026126023618316063
all,B-k0,B,0,delta_rank_R2_J_over_R_q,0.010083038620151363,0.01886179706776377,0.008512566442440694,0.029890979285313618,0.00508672976495661,0.043435273511085115
all,B-k1,B,1,delta_rank_R2_J_over_R_q,0.003919882813230469,0.016663414714079783,0.002798781385977639,0.01851607381328016,0.0009780569430304364,0.0653561139914639
all,B-k2,B,2,delta_rank_R2_J_over_R_q,0.007283668522338693,0.007529062851498143,0.004544902263299566,0.009812939181122748,0.0023194004216635644,0.013999630064977286
all,C-k0,C,0,delta_rank_R2_J_over_R_q,0.0028754799138426823,0.010556258893296163,0.0014207379828659328,0.010769578080651182,0.00028265943681082817,0.042967165953153086
all,C-k1,C,1,delta_rank_R2_J_over_R_q,0.009131213448520359,0.0325171920186005,0.005976386500658792,0.03543772636769485,0.001295553796995197,0.12641382989210914
all,C-k2,C,2,delta_rank_R2_J_over_R_q,0.037226364685385926,0.045308878337117144,0.00842559884264557,0.07271001266025603,0.0034662048911257015,0.11057109688052713
all,D-k0,D,0,delta_rank_R2_J_over_R_q,0.007873584311511084,0.014624463046243097,0.006133186287729686,0.01759713987080469,0.0034445503403116584,0.042163680643752977
all,D-k1,D,1,delta_rank_R2_J_over_R_q,0.004073680554765535,0.027797276609495176,0.0002302549347135141,0.037467468335539295,1.0205880003333334e-05,0.11107824867694327
all,D-k2,D,2,delta_rank_R2_J_over_R_q,0.023171488170170673,0.03292851959748381,0.00849439447868272,0.028654316213117065,0.001360529728033466,0.11578365604090879
iid,A-k0,A,0,delta_rank_R2_J_over_R_q,0.0008125220557775314,0.008404532134010897,0.0005476015206005713,0.002303620512938559,0.0004714894601305364,0.04507071122484596
iid,A-k1,A,1,delta_rank_R2_J_over_R_q,0.003691441425745623,0.009171501338216185,0.0013291664119142454,0.015855254915770528,0.0011209635436687515,0.02607356081438783
iid,A-k2,A,2,delta_rank_R2_J_over_R_q,0.004732465907608008,0.00847712612877538,0.0004134092447851956,0.011074819911981282,0.00012101870503178347,0.02911414464845452
iid,B-k0,B,0,delta_rank_R2_J_over_R_q,0.00895212544631635,0.013558872351093062,0.005067016462189322,0.01908150242656015,0.0031252996906688812,0.03409374196913506
iid,B-k1,B,1,delta_rank_R2_J_over_R_q,0.008720636171919316,0.01848698634015174,0.006267656770920227,0.028319132543577596,0.0012300579165350767,0.051948626142485854
iid,B-k2,B,2,delta_rank_R2_J_over_R_q,0.026834878921017657,0.022942785313640485,0.011578530254507224,0.03060546223812735,0.0015687233044339166,0.04406282669253936
iid,C-k0,C,0,delta_rank_R2_J_over_R_q,0.0034094557416614046,0.01072225935024899,0.0015714295456374927,0.013067965826701444,8.474984721196233e-05,0.040183671435614854
iid,C-k1,C,1,delta_rank_R2_J_over_R_q,0.012867977995909607,0.03351204064768748,0.004925286993795797,0.040901174737224655,0.0002887821788355449,0.12252420873804926
iid,C-k2,C,2,delta_rank_R2_J_over_R_q,0.11140651195847828,0.11121128507653882,0.08405292697835423,0.13983273735863988,0.008103443423781997,0.2121080319748211
iid,D-k0,D,0,delta_rank_R2_J_over_R_q,0.006248821672314442,0.011918884228630374,0.004304785275142414,0.012362657083621609,0.001650944382155517,0.039307342281522106
iid,D-k1,D,1,delta_rank_R2_J_over_R_q,0.006057633517949523,0.026017163748992395,0.0011446213153896712,0.036817604873548376,0.0005171496177253099,0.09689268660037897
iid,D-k2,D,2,delta_rank_R2_J_over_R_q,0.08182970899218439,0.09193499500021411,0.06293362517460152,0.10440826139856127,0.01558044811287218,0.2038007278012829
ood,A-k0,A,0,delta_rank_R2_J_over_R_q,0.0011390712468828945,0.010817976620912292,0.0003590761654916341,0.0028426082887441917,0.0001962824421999354,0.05892390301511552
ood,A-k1,A,1,delta_rank_R2_J_over_R_q,0.0027929222475631676,0.013038145267908974,0.0013549244180722508,0.021596326974655633,0.0002263811009985961,0.043676925652733845
ood,A-k2,A,2,delta_rank_R2_J_over_R_q,0.004222893222001478,0.011247427993829903,0.0012563359595269552,0.01860486643725698,0.0003295379295215062,0.035042902541744025
ood,B-k0,B,0,delta_rank_R2_J_over_R_q,0.002169202232339351,0.014032401797118288,0.0017963836439670866,0.011319820140068881,0.0012542059346450918,0.06255966349289754
ood,B-k1,B,1,delta_rank_R2_J_over_R_q,0.0054702385120520836,0.02407766206127754,0.00136035174698243,0.04444040239212199,8.603110082827659e-05,0.07601861773196161
ood,B-k2,B,2,delta_rank_R2_J_over_R_q,0.005035759163668052,0.008151712606790651,0.001060859682982307,0.01420497383048916,3.826098991444038e-05,0.02180322441464344
ood,C-k0,C,0,delta_rank_R2_J_over_R_q,0.0006545581109006493,0.007657721501169797,0.00012678447581945806,0.0017345943132209274,2.2927793591143164e-05,0.042568818680172926
ood,C-k1,C,1,delta_rank_R2_J_over_R_q,0.007644852057011264,0.03621917955215707,0.004570989319784141,0.03897367068238872,0.004022602840408784,0.1450397917269548
ood,C-k2,C,2,delta_rank_R2_J_over_R_q,0.03425785254213631,0.03720118694821534,0.009174911461709623,0.06286570366125538,7.281423327609726e-05,0.08140301723588084
ood,D-k0,D,0,delta_rank_R2_J_over_R_q,0.0022390529036747098,0.011392341202569914,0.0007843299014059224,0.003501701072542579,0.00031512101851516316,0.05933881436007338
ood,D-k1,D,1,delta_rank_R2_J_over_R_q,0.0069161059261012015,0.03345357752209129,0.002106295802620589,0.05372214183746993,0.0004183566403169747,0.1166437170706418
ood,D-k2,D,2,delta_rank_R2_J_over_R_q,0.025814333838660553,0.032137629952288214,0.008830687604558685,0.0484476460272254,1.1023989961334024e-05,0.08202453242984176
