model,task,beta_k,beta_total,initial_rayleigh_quotient,log_lambda1_positive,log_nk,rho_H,target_norm_retention
GAOT,A-k0,,,1.192540959875021e-55,0.6436463920140634,0.787099564576132,,3.1938861823193414e-60
GAOT,A-k1,,,1.8611619336705482e-184,0.00038087290690219666,0.24993653714265016,1.338931031650916e-131,2.1963335410952122e-156
GAOT,A-k2,,,6.760871695595834e-100,0.0020654842323445995,6.343333015736574e-13,1.5184901639625114e-115,8.455674199963683e-112
GAOT,B-k0,,1.7998012287014802e-08,1.0427239912875593e-51,0.0049772467623503845,6.629064292090933e-11,,1.3088874124883652e-56
GAOT,B-k1,0.9746697406811957,0.9746697406811957,4.479939344262071e-117,0.07736818549764503,0.2368013957703423,3.680779160048479e-64,1.8521638763552303e-69
GAOT,B-k2,,9.769802338001496e-154,1.734984996801294e-123,3.773106528545459e-132,8.621806984170996e-179,,5.179227278691944e-14
GAOT,C-k0,,0.02517133945957599,2.398049430128781e-49,0.1140660285996305,0.018665493028162915,,3.4516829035677665e-53
GAOT,C-k1,,1.9382311913038973e-06,1.4118838309796326e-15,0.10768506428578228,4.1616824231396696e-11,,2.6183846284106094e-35
GAOT,C-k2,2.135922969579614e-69,2.135922969579614e-69,0.00013305355701427748,3.863996723644417e-31,4.4959758638769646e-100,2.016878330361717e-17,1.5848529187191553e-15
GAOT,D-k0,,5.143347260325908e-06,2.727202290695288e-54,5.457817486766827e-07,1.4118720714290533e-07,,5.988300382920495e-59
GAOT,D-k1,6.402623117095685e-06,0.00026022934888458686,1.354579339322512e-132,0.0021126470014757384,6.427801529644165e-05,5.086048322612518e-86,1.7397846155283885e-89
GAOT,D-k2,6.9353648814682e-47,6.959707814894702e-42,0.7452380670732905,1.7245727474780727e-20,6.15209987551965e-49,2.554308950951852e-42,2.3305465101744477e-40
GNOT,A-k0,,,1.8705477173228709e-134,0.5974244155404809,0.9035977910472545,,9.338355689092387e-134
GNOT,A-k1,,,5.1770484085793026e-161,4.752124438546164e-07,0.6120450169162395,3.1476566904051043e-143,2.2938642042127665e-113
GNOT,A-k2,,,7.87232499513229e-107,0.9592009646927686,6.555711079708026e-12,5.868383944898877e-110,1.753227444812983e-95
GNOT,B-k0,,3.184950920685886e-85,1.434796550275738e-85,2.414624725274404e-20,1.2347797437646381e-84,,9.099022292098991e-85
GNOT,B-k1,5.441256233784553e-118,5.441256233784553e-118,8.020144699209199e-11,7.632750065145744e-29,4.230220666309264e-102,0.005293987529601388,0.00033963568542711087
GNOT,B-k2,,2.675773984935822e-115,3.404098038877751e-159,8.509591091700622e-92,1.355426593281349e-125,,4.057900998406632e-22
GNOT,C-k0,,4.7684957290383025e-31,2.857415966354786e-93,0.004686741040380588,1.0082518678301828e-35,,3.360138018019534e-93
GNOT,C-k1,,1.6223560307816742e-112,2.909250262343368e-54,1.0169462902869523e-23,1.522439782561362e-147,,4.483000192216694e-25
GNOT,C-k2,1.4039324795217354e-113,1.4039324795217354e-113,2.7150034579264464e-59,4.395507088694655e-49,1.58896159178155e-117,5.713740437683074e-09,0.0003263018978735341
GNOT,D-k0,,1.6565328250249327e-21,2.581754438070617e-116,2.9929421316727795e-08,1.6015793057727039e-24,,6.251433754103994e-116
GNOT,D-k1,1.761348047386045e-111,2.0847624456203746e-88,5.092317564881565e-20,1.1521262908805338e-20,3.651929513923844e-80,0.0020266829966091165,1.7528626082629056e-07
GNOT,D-k2,1.2800613174249957e-54,1.1354205196268984e-73,7.492426887552431e-102,1.7451711782451543e-57,7.901133546045994e-92,3.091312940302718e-31,1.0058927825149047e-21
MGN-lite,A-k0,,,4.342329781690963e-187,0.012701431336351463,0.149862834169054,,8.469630292218583e-182
MGN-lite,A-k1,,,1.0162068187119403e-160,0.00047960441186719965,0.044189097153038065,3.374010908455124e-103,5.410440506349848e-172
MGN-lite,A-k2,,,3.7065633199946104e-123,0.032561566687034166,6.851957612841622e-27,4.127880134280327e-135,2.0865664078691718e-119
MGN-lite,B-k0,,2.1280145481789592e-42,8.919693159458837e-131,1.1334233943420374e-06,7.054359794693863e-45,,1.2689995385650425e-129
MGN-lite,B-k1,4.75489524538896e-50,4.75489524538896e-50,3.4468161440015093e-68,1.4185129709481302e-11,1.304683247152907e-49,1.1986544909771744e-21,3.882127932675744e-58
MGN-lite,B-k2,,1.5162332067920323e-62,2.96094973284987e-78,3.1617071619308633e-62,9.958193311937699e-75,,2.355760714730955e-83
MGN-lite,C-k0,,2.5616433304473933e-16,3.989239094553622e-144,0.4955898681173495,8.459217353142309e-19,,2.112948188688713e-140
MGN-lite,C-k1,,2.4038517653829036e-20,3.9826138660006043e-125,0.00023382953541850184,3.185358601293873e-24,,6.523016703411517e-167
MGN-lite,C-k2,8.48011139854782e-97,8.48011139854782e-97,1.1586225563537334e-105,2.741449374871842e-56,4.991517282793253e-109,2.3897176383620134e-35,4.5325221469323784e-29
MGN-lite,D-k0,,3.0934947342181805e-18,1.3710252103065073e-148,0.0003259158812672477,4.858912148351611e-21,,5.23929658312273e-147
MGN-lite,D-k1,6.868572272296304e-33,7.564132068370391e-35,2.556157095952162e-75,9.178356688470004e-12,6.125048998860759e-38,2.4766712453045752e-25,3.5015644696203917e-72
MGN-lite,D-k2,6.310849378929214e-26,2.810348307854673e-22,1.7259202672406573e-104,1.1137331662668402e-13,1.613427247572389e-27,1.7085392585646284e-60,2.9847999366053714e-51
RIGNO,A-k0,,,5.6632803358280555e-170,0.14255278215336672,0.20386460174947926,,3.0658715547962745e-166
RIGNO,A-k1,,,5.580234851689853e-211,4.163008700586236e-08,0.3769899572212645,1.3702628035320627e-151,3.1753959376633146e-171
RIGNO,A-k2,,,4.184642264651981e-155,0.7787902894062604,4.735989722236183e-20,8.528336389670883e-137,9.150487643197677e-124
RIGNO,B-k0,,1.5094643176258266e-10,5.089552042195428e-171,3.690186560908573e-05,2.00845587883021e-09,,3.1639442789503388e-167
RIGNO,B-k1,0.0006141822344395098,0.0006141822344395098,7.245612378808727e-143,0.29327140356190945,0.007657185266971538,1.1570375868403027e-76,6.520247623156202e-103
RIGNO,B-k2,,1.7344218580209097e-81,6.695393299848669e-150,4.42115076004702e-65,1.3896385771768713e-89,,3.842728667331867e-32
RIGNO,C-k0,,0.055713957177426,4.33994635210817e-165,0.6274227490014612,0.045353840353281896,,9.051867226600257e-162
RIGNO,C-k1,,4.370028248147138e-14,2.4220571949947396e-84,0.007937084952575143,2.5305177651477528e-17,,2.283537427162726e-62
RIGNO,C-k2,4.4409854095591857e-85,4.4409854095591857e-85,1.2593117625114999e-74,1.9428778052297793e-45,1.734931271684882e-95,5.435315916968759e-10,1.8498353423264214e-07
RIGNO,D-k0,,0.0010730890663863037,6.342375403000691e-163,0.09787838221184722,0.0006070783933546263,,3.755942641405972e-157
RIGNO,D-k1,5.349632162847282e-06,5.012329382091613e-10,9.409624367146848e-139,0.0019571770984567645,5.374673976625448e-05,2.2547296922327026e-78,7.050319986484994e-114
RIGNO,D-k2,3.23079170577517e-45,6.7337102827303685e-62,1.83279307527361e-57,5.089483479286608e-47,7.25870428336195e-75,0.03682795675844351,0.016554108372837092
TNO,A-k0,,,5.207221815587523e-220,0.41560802318797163,0.6712064457184399,,4.112888025026066e-217
TNO,A-k1,,,4.666512503509263e-157,1.1060111537846827e-14,0.25283694215944724,2.8610262084688793e-147,1.876231072742048e-196
TNO,A-k2,,,2.028202136157372e-193,0.0015754259135665122,0.00039069784077963473,3.93567879528005e-239,2.0056088248427292e-234
TNO,B-k0,,9.933496667427336e-50,1.631859393020337e-145,4.298619486309281e-15,3.9509021398395e-55,,8.422326492990289e-144
TNO,B-k1,4.289565277452851e-23,4.289565277452851e-23,3.6644545876393405e-174,8.264030338832926e-19,5.776301599355433e-27,8.410126912072294e-145,2.0392609597556661e-212
TNO,B-k2,,1.7363521541871646e-107,3.6146471393917707e-110,9.471154441995196e-108,6.981669771748734e-137,,1.8092532194387797e-48
TNO,C-k0,,3.7612848083255316e-24,1.5275235723570635e-158,0.0017029569755250057,1.873583069478206e-30,,2.9680401438912872e-154
TNO,C-k1,,4.228932771614789e-23,6.141732611959432e-127,1.0854511529541501e-05,5.1981547996283375e-28,,3.0849863018075344e-196
TNO,C-k2,4.425591739350877e-40,4.425591739350877e-40,2.1719956761060395e-164,1.8959761438475493e-27,4.902824430266347e-54,3.655626361959005e-243,2.9826834497125927e-239
TNO,D-k0,,3.8029653162348186e-15,1.296489881061405e-175,8.871440308349638e-07,4.663124996317013e-20,,1.925794746260717e-172
TNO,D-k1,2.1606889309527537e-27,1.191142976652664e-13,4.517456124119788e-153,5.703716537376905e-13,6.6016427802623395e-24,8.689163559865051e-138,7.849989307758476e-183
TNO,D-k2,2.7654514025158056e-17,1.686133275163013e-06,2.05132485271321e-165,0.5362110178967929,0.0015106199611767293,9.50400584530745e-215,1.0293756364904853e-215
Transolver,A-k0,,,1.3492332742817332e-131,0.3811681425813721,0.4202935253571679,,7.845084629916053e-128
Transolver,A-k1,,,3.387768165366643e-188,0.0009584766982928172,0.6660560284216723,2.4416335023493318e-157,1.1795677419203958e-121
Transolver,A-k2,,,1.6614077038106175e-97,0.6035490463491195,4.316075354972928e-12,1.468678951934696e-104,5.0124364958907244e-85
Transolver,B-k0,,1.522248026974737e-20,1.1471170478023112e-131,1.4164837251087066e-09,1.6429968151160185e-19,,1.331180810619987e-125
Transolver,B-k1,3.233659027005125e-33,3.233659027005125e-33,2.342941238191516e-75,1.5375072555227768e-08,1.4879123111964795e-33,4.3924583827532895e-34,4.545142095017388e-36
Transolver,B-k2,,1.540926974223366e-111,3.79295864385189e-167,1.27406251804748e-87,4.921637493985728e-121,,4.3095881788377913e-16
Transolver,C-k0,,0.014417310494386323,5.983559588255403e-140,0.8646671829421753,0.008647652956524393,,9.620196184201734e-133
Transolver,C-k1,,0.0004692687847306136,8.288456148875558e-68,0.03973395973929365,4.752044277089455e-05,,0.0003962788067596349
Transolver,C-k2,5.185147096862199e-103,5.185147096862199e-103,6.061875706980232e-73,1.779825326712269e-51,1.369929015032803e-119,1.3511558388442762e-10,4.428086593939221e-05
Transolver,D-k0,,6.445516137967535e-05,5.220930828987798e-130,0.0016083011665782286,1.793240968346005e-06,,1.1814262253470134e-124
Transolver,D-k1,1.0367398867992472e-26,4.6738846280849214e-17,2.918939685639902e-43,1.850841794033467e-07,3.6218878647572584e-25,1.663877301321282e-24,5.638684169693162e-20
Transolver,D-k2,1.1304627941902009e-35,4.266869966533709e-47,2.8740590352227746e-92,2.766809605148103e-43,1.2008448970486766e-78,9.196691185821833e-35,3.3051374998082497e-23
