model,protocol,degree,task,variable,standardized_slope,r2,spearman_rho,p_cluster
GAOT,A,0,A-k0,target_norm_retention,-0.5563276509410624,0.30950045520160274,-0.4022804022579696,3.1938861823193414e-60
GAOT,B,0,B-k0,target_norm_retention,-0.5261773095291247,0.27686256106332463,-0.3966659938148414,1.3088874124883652e-56
GAOT,C,0,C-k0,target_norm_retention,-0.5434956061793625,0.2953874739362754,-0.39638840903579586,3.4516829035677665e-53
GAOT,D,0,D-k0,target_norm_retention,-0.5374413204210836,0.28884317289596706,-0.4119923230438762,5.988300382920495e-59
GAOT,A,1,A-k1,initial_rayleigh_quotient,0.8988821450213786,0.8079891106382326,0.9569407026308463,1.8611619336705482e-184
GAOT,B,1,B-k1,initial_rayleigh_quotient,0.7646912160714812,0.5847526559368827,0.770812721096873,4.479939344262071e-117
GAOT,C,1,C-k1,target_norm_retention,0.428636887485818,0.1837295813135209,0.3995640359625141,2.6183846284106094e-35
GAOT,D,1,D-k1,initial_rayleigh_quotient,0.8037591818539921,0.6460288224145947,0.8396519301665147,1.354579339322512e-132
GAOT,A,2,A-k2,target_norm_retention,-0.722864264946195,0.522532745536202,-0.9092758600686954,8.455674199963683e-112
GAOT,B,2,B-k2,initial_rayleigh_quotient,0.8339595339862533,0.6954885043265707,0.8854999168594646,1.734984996801294e-123
GAOT,C,2,C-k2,log_nk,0.680527488513425,0.46311766262283416,0.5468337378641095,4.4959758638769646e-100
GAOT,D,2,D-k2,beta_k,0.6155796426854439,0.378938296488738,0.4922184795191061,6.9353648814682e-47
GNOT,A,0,A-k0,target_norm_retention,-0.8863086422317066,0.7855430092946039,-0.8710533109583246,9.338355689092387e-134
GNOT,B,0,B-k0,target_norm_retention,-0.7141286385377354,0.5099797123797618,-0.5440743736618647,9.099022292098991e-85
GNOT,C,0,C-k0,target_norm_retention,-0.8143760628721621,0.6632083717791648,-0.7419784949134746,3.360138018019534e-93
GNOT,D,0,D-k0,target_norm_retention,-0.8469470526984285,0.7173193100745734,-0.7328357540374041,6.251433754103994e-116
GNOT,A,1,A-k1,initial_rayleigh_quotient,0.8062863814192238,0.6500977288621042,0.8180681369406786,5.1770484085793026e-161
GNOT,B,1,B-k1,beta_k,0.6350157138560175,0.40324495684406714,0.6919866301951418,5.441256233784553e-118
GNOT,C,1,C-k1,log_nk,0.7075871505713336,0.5006795756564211,0.6233723670751237,1.522439782561362e-147
GNOT,D,1,D-k1,beta_k,0.5243396520109377,0.2749320706709507,0.5496709510930623,1.761348047386045e-111
GNOT,A,2,A-k2,initial_rayleigh_quotient,0.7232920080254801,0.5231513288735337,0.8137729145597323,7.87232499513229e-107
GNOT,B,2,B-k2,initial_rayleigh_quotient,0.8339780470278818,0.6955193829244409,0.8583992649997129,3.404098038877751e-159
GNOT,C,2,C-k2,log_nk,0.5375441918697468,0.2889537582131749,0.6065052133110395,1.58896159178155e-117
GNOT,D,2,D-k2,initial_rayleigh_quotient,0.6485682027692277,0.4206407136433038,0.6784026400010312,7.492426887552431e-102
MGN-lite,A,0,A-k0,initial_rayleigh_quotient,0.9281906032142201,0.8615377958951754,0.9222895253084085,4.342329781690963e-187
MGN-lite,B,0,B-k0,initial_rayleigh_quotient,0.845433787712599,0.7147582894060704,0.7630037775405382,8.919693159458837e-131
MGN-lite,C,0,C-k0,initial_rayleigh_quotient,0.8966058527893053,0.8039020552560354,0.8733486194721171,3.989239094553622e-144
MGN-lite,D,0,D-k0,target_norm_retention,-0.8914716526809935,0.7947217075338042,-0.8270684217064147,5.23929658312273e-147
MGN-lite,A,1,A-k1,target_norm_retention,-0.830086499592302,0.6890435968053921,-0.8121939676538935,5.410440506349848e-172
MGN-lite,B,1,B-k1,initial_rayleigh_quotient,0.5383144712376309,0.28978246994385015,0.5100952734747163,3.4468161440015093e-68
MGN-lite,C,1,C-k1,target_norm_retention,-0.842920153825876,0.7105143857258436,-0.8408927259346587,6.523016703411517e-167
MGN-lite,D,1,D-k1,initial_rayleigh_quotient,0.5717461786316266,0.3268936927798659,0.5257392102496916,2.556157095952162e-75
MGN-lite,A,2,A-k2,initial_rayleigh_quotient,0.7440198781543063,0.55356557908875,0.7910214740318259,3.7065633199946104e-123
MGN-lite,B,2,B-k2,target_norm_retention,-0.6252465787377587,0.3909332842232751,-0.5331538889273004,2.355760714730955e-83
MGN-lite,C,2,C-k2,initial_rayleigh_quotient,0.664150068570439,0.44109531358211784,0.6825574365458738,1.1586225563537334e-105
MGN-lite,D,2,D-k2,initial_rayleigh_quotient,0.696158571993939,0.4846367573606375,0.7753637061967603,1.7259202672406573e-104
RIGNO,A,0,A-k0,initial_rayleigh_quotient,0.9100075340152489,0.8281137119645129,0.9165256529397082,5.6632803358280555e-170
RIGNO,B,0,B-k0,initial_rayleigh_quotient,0.8984058667801276,0.80713310146495,0.8331216975084758,5.089552042195428e-171
RIGNO,C,0,C-k0,initial_rayleigh_quotient,0.9096009147835686,0.8273738241751041,0.8945434695482304,4.33994635210817e-165
RIGNO,D,0,D-k0,initial_rayleigh_quotient,0.9066362913646816,0.8219893648195059,0.868485122455126,6.342375403000691e-163
RIGNO,A,1,A-k1,initial_rayleigh_quotient,0.8617133101677341,0.742549828920233,0.8738372270848545,5.580234851689853e-211
RIGNO,B,1,B-k1,initial_rayleigh_quotient,0.7498855878457343,0.5623283948587396,0.7393944421462665,7.245612378808727e-143
RIGNO,C,1,C-k1,initial_rayleigh_quotient,0.6849926861727904,0.4692149801102147,0.6397094159021156,2.4220571949947396e-84
RIGNO,D,1,D-k1,initial_rayleigh_quotient,0.7332131162595644,0.5376014738550613,0.7184181409836489,9.409624367146848e-139
RIGNO,A,2,A-k2,initial_rayleigh_quotient,0.7500351220152368,0.5625526842564131,0.7985665970963269,4.184642264651981e-155
RIGNO,B,2,B-k2,initial_rayleigh_quotient,0.8079138574514687,0.6527248010621136,0.8274187685229566,6.695393299848669e-150
RIGNO,C,2,C-k2,initial_rayleigh_quotient,0.5232420656260607,0.27378225924062605,0.5276064824634698,1.2593117625114999e-74
RIGNO,D,2,D-k2,log_nk,0.5087453235411173,0.2588218042248759,0.48284887873043614,7.25870428336195e-75
TNO,A,0,A-k0,initial_rayleigh_quotient,0.9544025303321242,0.9108841899043593,0.9479655333849741,5.207221815587523e-220
TNO,B,0,B-k0,initial_rayleigh_quotient,0.8679821341501109,0.7533929852037797,0.7823575175224678,1.631859393020337e-145
TNO,C,0,C-k0,initial_rayleigh_quotient,0.9031151304493741,0.815616938846589,0.8538312768872176,1.5275235723570635e-158
TNO,D,0,D-k0,initial_rayleigh_quotient,0.9170834689532352,0.8410420890273007,0.8452382247024317,1.296489881061405e-175
TNO,A,1,A-k1,target_norm_retention,-0.9074904628991973,0.8235389402529908,-0.9385379740382711,1.876231072742048e-196
TNO,B,1,B-k1,target_norm_retention,-0.9024898105058872,0.8144878580669361,-0.9450261826274151,2.0392609597556661e-212
TNO,C,1,C-k1,target_norm_retention,-0.8882604741872037,0.7890066700032823,-0.8735823939774977,3.0849863018075344e-196
TNO,D,1,D-k1,target_norm_retention,-0.8973380872489299,0.805215642827588,-0.9509827962823424,7.849989307758476e-183
TNO,A,2,A-k2,target_norm_retention,-0.8791857044803084,0.7729675029625358,-0.9172892880036282,2.0056088248427292e-234
TNO,B,2,B-k2,initial_rayleigh_quotient,0.7707148158568244,0.5940013273812195,0.8062139135601226,3.6146471393917707e-110
TNO,C,2,C-k2,target_norm_retention,-0.8805916343586052,0.7754416265023635,-0.9566173609833443,2.9826834497125927e-239
TNO,D,2,D-k2,target_norm_retention,-0.8721468190061161,0.7606400739024886,-0.9240030269543076,1.0293756364904853e-215
Transolver,A,0,A-k0,initial_rayleigh_quotient,0.8755474253773571,0.7665832940849173,0.8898312557934595,1.3492332742817332e-131
Transolver,B,0,B-k0,initial_rayleigh_quotient,0.8557550534500772,0.7323167115053428,0.7853063692603005,1.1471170478023112e-131
Transolver,C,0,C-k0,initial_rayleigh_quotient,0.8845573339434981,0.7824416770332288,0.9057448850565958,5.983559588255403e-140
Transolver,D,0,D-k0,initial_rayleigh_quotient,0.8654642534199372,0.7490283739477304,0.816145443806814,5.220930828987798e-130
Transolver,A,1,A-k1,initial_rayleigh_quotient,0.818108268680493,0.6693011392833912,0.8278310782543274,3.387768165366643e-188
Transolver,B,1,B-k1,initial_rayleigh_quotient,0.5487266972835028,0.3011009883116623,0.5220126287158706,2.342941238191516e-75
Transolver,C,1,C-k1,initial_rayleigh_quotient,0.5002556241342624,0.25025568947795795,0.42391465582603743,8.288456148875558e-68
Transolver,D,1,D-k1,initial_rayleigh_quotient,0.4117455951605477,0.1695344351341117,0.39081804231173534,2.918939685639902e-43
Transolver,A,2,A-k2,initial_rayleigh_quotient,0.668653081149473,0.4470969429306859,0.7544481219190283,1.6614077038106175e-97
Transolver,B,2,B-k2,initial_rayleigh_quotient,0.8463889695211095,0.716374287727007,0.86988610542426,3.79295864385189e-167
Transolver,C,2,C-k2,log_nk,0.5273754673706955,0.27812488358472576,0.5921590318250317,1.369929015032803e-119
Transolver,D,2,D-k2,initial_rayleigh_quotient,0.6535948114254851,0.4271861775223138,0.6901446065017994,2.8740590352227746e-92
